Symbol,Exchange,Ticker,Company,Series
20MICRONS,NSE,20MICRONS.NS,20 Microns Limited,EQ
21STCENMGM,NSE,21STCENMGM.NS,21st Century Management Services Limited,EQ
360ONE,NSE,360ONE.NS,360 ONE WAM LIMITED,EQ
3BBLACKBIO,NSE,3BBLACKBIO.NS,3B Blackbio Dx Limited,EQ
3IINFOLTD,NSE,3IINFOLTD.NS,3i Infotech Limited,BE
3MINDIA,NSE,3MINDIA.NS,3M India Limited,EQ
3PLAND,NSE,3PLAND.NS,3P Land Holdings Limited,EQ
5PAISA,NSE,5PAISA.NS,5Paisa Capital Limited,EQ
63MOONS,NSE,63MOONS.NS,63 moons technologies limited,EQ
A2ZINFRA,NSE,A2ZINFRA.NS,A2Z Infra Engineering Limited,EQ
AAATECH,NSE,AAATECH.NS,AAA Technologies Limited,EQ
AADHARHFC,NSE,AADHARHFC.NS,Aadhar Housing Finance Limited,EQ
AAKASH,NSE,AAKASH.NS,Aakash Exploration Services Limited,EQ
AAREYDRUGS,NSE,AAREYDRUGS.NS,Aarey Drugs & Pharmaceuticals Limited,EQ
AARNAV,NSE,AARNAV.NS,Aarnav Fashions Limited,BE
AARON,NSE,AARON.NS,Aaron Industries Limited,EQ
AARTECH,NSE,AARTECH.NS,Aartech Solonics Limited,BE
AARTIDRUGS,NSE,AARTIDRUGS.NS,Aarti Drugs Limited,EQ
AARTIIND,NSE,AARTIIND.NS,Aarti Industries Limited,EQ
AARTIPHARM,NSE,AARTIPHARM.NS,Aarti Pharmalabs Limited,EQ
AARTISURF,NSE,AARTISURF.NS,Aarti Surfactants Limited,BE
AARVI,NSE,AARVI.NS,Aarvi Encon Limited,EQ
AASTHA,NSE,AASTHA.NS,Aastha Spintex Limited,EQ
AAVAS,NSE,AAVAS.NS,Aavas Financiers Limited,EQ
ABAN,NSE,ABAN.NS,Aban Offshore Limited,BE
ABANSENT,NSE,ABANSENT.NS,Abans Enterprises Limited,EQ
ABB,NSE,ABB.NS,ABB India Limited,EQ
ABBOTINDIA,NSE,ABBOTINDIA.NS,Abbott India Limited,EQ
ABCAPITAL,NSE,ABCAPITAL.NS,Aditya Birla Capital Limited,EQ
ABCOTS,NSE,ABCOTS.NS,A B Cotspin India Limited,EQ
ABDL,NSE,ABDL.NS,Allied Blenders and Distillers Limited,EQ
ABFRL,NSE,ABFRL.NS,Aditya Birla Fashion and Retail Limited,EQ
ABINFRA,NSE,ABINFRA.NS,A B Infrabuild Limited,BE
ABLBL,NSE,ABLBL.NS,Aditya Birla Lifestyle Brands Limited,EQ
ABMINTLLTD,NSE,ABMINTLLTD.NS,ABM International Limited,BE
ABMKNO,NSE,ABMKNO.NS,ABM Knowledgeware Limited,EQ
ABREL,NSE,ABREL.NS,Aditya Birla Real Estate Limited,EQ
ABSLAMC,NSE,ABSLAMC.NS,Aditya Birla Sun Life AMC Limited,EQ
ACC,NSE,ACC.NS,ACC Limited,EQ
ACCELYA,NSE,ACCELYA.NS,Accelya Solutions India Limited,EQ
ACCURACY,NSE,ACCURACY.NS,Accuracy Shipping Limited,BE
ACE,NSE,ACE.NS,Action Construction Equipment Limited,EQ
ACEINTEG,NSE,ACEINTEG.NS,Ace Integrated Solutions Limited,EQ
ACGL,NSE,ACGL.NS,Automobile Corporation of Goa Limited,EQ
ACI,NSE,ACI.NS,Archean Chemical Industries Limited,EQ
ACL,NSE,ACL.NS,Andhra Cements Limited,EQ
ACMESOLAR,NSE,ACMESOLAR.NS,Acme Solar Holdings Limited,EQ
ACSTECH,NSE,ACSTECH.NS,ACS Technologies Limited,BE
ACUTAAS,NSE,ACUTAAS.NS,Acutaas Chemicals Limited,EQ
ADANIENSOL,NSE,ADANIENSOL.NS,Adani Energy Solutions Limited,EQ
ADANIENT,NSE,ADANIENT.NS,Adani Enterprises Limited,EQ
ADANIGREEN,NSE,ADANIGREEN.NS,Adani Green Energy Limited,EQ
ADANIPORTS,NSE,ADANIPORTS.NS,Adani Ports and Special Economic Zone Limited,EQ
ADANIPOWER,NSE,ADANIPOWER.NS,Adani Power Limited,EQ
ADDIND,NSE,ADDIND.NS,Addi Industries Limited,EQ
ADFFOODS,NSE,ADFFOODS.NS,ADF Foods Limited,EQ
ADL,NSE,ADL.NS,Archidply Decor Limited,EQ
ADOR,NSE,ADOR.NS,Ador Welding Limited,EQ
ADROITINFO,NSE,ADROITINFO.NS,Adroit Infotech Limited,EQ
ADSL,NSE,ADSL.NS,Allied Digital Services Limited,EQ
ADVAIT,NSE,ADVAIT.NS,Advait Energy Transitions Limited,EQ
ADVANCE,NSE,ADVANCE.NS,Advance Agrolife Limited,EQ
ADVANIHOTR,NSE,ADVANIHOTR.NS,Advani Hotels & Resorts (India) Limited,EQ
ADVENTHTL,NSE,ADVENTHTL.NS,Advent Hotels International Limited,EQ
ADVENZYMES,NSE,ADVENZYMES.NS,Advanced Enzyme Technologies Limited,EQ
ADVIKCA,NSE,ADVIKCA.NS,Advik Capital Limited,EQ
AEGISLOG,NSE,AEGISLOG.NS,Aegis Logistics Limited,EQ
AEGISVOPAK,NSE,AEGISVOPAK.NS,Aegis Vopak Terminals Limited,EQ
AEPL,NSE,AEPL.NS,Artemis Electricals and Projects Limited,EQ
AEQUS,NSE,AEQUS.NS,Aequs Limited,EQ
AEROENTER,NSE,AEROENTER.NS,Aeroflex Enterprises Limited,EQ
AEROFLEX,NSE,AEROFLEX.NS,Aeroflex Industries Limited,EQ
AERONEU,NSE,AERONEU.NS,Aeroflex Neu Limited,EQ
AEROPLANE,NSE,AEROPLANE.NS,Amir Chand Jagdish Kumar (Exports) Limited,EQ
AETHER,NSE,AETHER.NS,Aether Industries Limited,EQ
AFCONS,NSE,AFCONS.NS,Afcons Infrastructure Limited,EQ
AFFLE,NSE,AFFLE.NS,Affle 3i Limited,EQ
AFFORDABLE,NSE,AFFORDABLE.NS,Affordable Robotic & Automation Limited,EQ
AFIL,NSE,AFIL.NS,Akme Fintrade (India) Limited,EQ
AFSL,NSE,AFSL.NS,Abans Financial Services Limited,EQ
AGARIND,NSE,AGARIND.NS,Agarwal Industrial Corporation Limited,EQ
AGARWALEYE,NSE,AGARWALEYE.NS,Dr. Agarwal's Health Care Limited,EQ
AGASTYAEN,NSE,AGASTYAEN.NS,Agastya Energy and Infrastructure Limited,BE
AGI,NSE,AGI.NS,AGI Greenpac Limited,EQ
AGIIL,NSE,AGIIL.NS,Agi Infra Limited,EQ
AGL,NSE,AGL.NS,Allcargo Global Limited,EQ
AGRITECH,NSE,AGRITECH.NS,Agri-Tech (India) Limited,EQ
AGROPHOS,NSE,AGROPHOS.NS,Agro Phos India Limited,EQ
AGSTRA,NSE,AGSTRA.NS,AGS Transact Technologies Limited,BZ
AHCL,NSE,AHCL.NS,Anlon Healthcare Limited,EQ
AHLADA,NSE,AHLADA.NS,Ahlada Engineers Limited,EQ
AHLEAST,NSE,AHLEAST.NS,Asian Hotels (East) Limited,EQ
AHLUCONT,NSE,AHLUCONT.NS,Ahluwalia Contracts (India) Limited,EQ
AHLWEST,NSE,AHLWEST.NS,Asian Hotels (West) Limited,BE
AIAENG,NSE,AIAENG.NS,AIA Engineering Limited,EQ
AIIL,NSE,AIIL.NS,Authum Investment & Infrastructure Limited,EQ
AIRAN,NSE,AIRAN.NS,Airan Limited,EQ
AIROLAM,NSE,AIROLAM.NS,Airo Lam limited,EQ
AJANTPHARM,NSE,AJANTPHARM.NS,Ajanta Pharma Limited,EQ
AJAXENGG,NSE,AJAXENGG.NS,Ajax Engineering Limited,EQ
AJMERA,NSE,AJMERA.NS,Ajmera Realty & Infra India Limited,EQ
AJOONI,NSE,AJOONI.NS,Ajooni Biotech Limited,EQ
AKASH,NSE,AKASH.NS,Akash Infra-Projects Limited,EQ
AKCAPIT,NSE,AKCAPIT.NS,AK Capital Services Limited,EQ
AKG,NSE,AKG.NS,Akg Exim Limited,EQ
AKI,NSE,AKI.NS,AKI India Limited,BE
AKSHAR,NSE,AKSHAR.NS,Akshar Spintex Limited,EQ
AKSHARCHEM,NSE,AKSHARCHEM.NS,AksharChem India Limited,BE
AKSHOPTFBR,NSE,AKSHOPTFBR.NS,Aksh Optifibre Limited,BE
AKUMS,NSE,AKUMS.NS,Akums Drugs and Pharmaceuticals Limited,EQ
ALANKIT,NSE,ALANKIT.NS,Alankit Limited,EQ
ALBERTDAVD,NSE,ALBERTDAVD.NS,Albert David Limited,EQ
ALEMBICLTD,NSE,ALEMBICLTD.NS,Alembic Limited,EQ
ALFREDHE,NSE,ALFREDHE.NS,Alfred Herbert India Limited,EQ
ALGOQUANT,NSE,ALGOQUANT.NS,Algoquant Fintech Limited,EQ
ALICON,NSE,ALICON.NS,Alicon Castalloy Limited,EQ
ALIVUS,NSE,ALIVUS.NS,Alivus Life Sciences Limited,EQ
ALKALI,NSE,ALKALI.NS,Alkali Metals Limited,BE
ALKEM,NSE,ALKEM.NS,Alkem Laboratories Limited,EQ
ALKYLAMINE,NSE,ALKYLAMINE.NS,Alkyl Amines Chemicals Limited,EQ
ALLCARGO,NSE,ALLCARGO.NS,Allcargo Logistics Limited,EQ
ALLDIGI,NSE,ALLDIGI.NS,Alldigi Tech Limited,EQ
ALLTIME,NSE,ALLTIME.NS,All Time Plastics Limited,EQ
ALMONDZ,NSE,ALMONDZ.NS,Almondz Global Securities Limited,BE
ALOKINDS,NSE,ALOKINDS.NS,Alok Industries Limited,EQ
ALPA,NSE,ALPA.NS,Alpa Laboratories Limited,EQ
ALPHAGEO,NSE,ALPHAGEO.NS,Alphageo (India) Limited,BE
ALPINETEX,NSE,ALPINETEX.NS,Alpine Texworld Limited,EQ
ALUFLUOR,NSE,ALUFLUOR.NS,Alufluoride Limited,EQ
AMAGI,NSE,AMAGI.NS,Amagi Media Labs Limited,EQ
AMAL,NSE,AMAL.NS,Amal Limited,EQ
AMANTA,NSE,AMANTA.NS,Amanta Healthcare Limited,BE
AMARJOTHI,NSE,AMARJOTHI.NS,Amarjothi Spinning Mills Limited,EQ
AMBALALSA,NSE,AMBALALSA.NS,Ambalal Sarabhai Enterprises Limited,BE
AMBER,NSE,AMBER.NS,Amber Enterprises India Limited,EQ
AMBICAAGAR,NSE,AMBICAAGAR.NS,Ambica Agarbathies & Aroma industries Limited,EQ
AMBIKCO,NSE,AMBIKCO.NS,Ambika Cotton Mills Limited,EQ
AMBUJACEM,NSE,AMBUJACEM.NS,Ambuja Cements Limited,EQ
AMDIND,NSE,AMDIND.NS,AMD Industries Limited,BE
AMJLAND,NSE,AMJLAND.NS,Amj Land Holdings Limited,EQ
AMNPLST,NSE,AMNPLST.NS,Amines & Plasticizers Limited,EQ
AMRUTANJAN,NSE,AMRUTANJAN.NS,Amrutanjan Health Care Limited,EQ
ANANDRATHI,NSE,ANANDRATHI.NS,Anand Rathi Wealth Limited,EQ
ANANTRAJ,NSE,ANANTRAJ.NS,Anant Raj Limited,EQ
ANDHRAPAP,NSE,ANDHRAPAP.NS,ANDHRA PAPER LIMITED,EQ
ANDHRSUGAR,NSE,ANDHRSUGAR.NS,The Andhra Sugars Limited,EQ
ANDREWYU,NSE,ANDREWYU.NS,Andrew Yule & Company Limited,EQ
ANGELONE,NSE,ANGELONE.NS,Angel One Limited,EQ
ANIKINDS,NSE,ANIKINDS.NS,Anik Industries Limited,EQ
ANKITMETAL,NSE,ANKITMETAL.NS,Ankit Metal & Power Limited,BZ
ANMOL,NSE,ANMOL.NS,Anmol India Limited,BE
ANNAPURNA,NSE,ANNAPURNA.NS,Annapurna Swadisht Limited,EQ
ANNU,NSE,ANNU.NS,Annu Projects Limited,EQ
ANSALAPI,NSE,ANSALAPI.NS,Ansal Properties & Infrastructure Limited,BZ
ANSALBU,NSE,ANSALBU.NS,Ansal Buildwell Limited,EQ
ANTELOPUS,NSE,ANTELOPUS.NS,Antelopus Selan Energy Limited,EQ
ANTGRAPHIC,NSE,ANTGRAPHIC.NS,Antarctica Limited,EQ
ANTHEM,NSE,ANTHEM.NS,Anthem Biosciences Limited,EQ
ANUHPHR,NSE,ANUHPHR.NS,Anuh Pharma Limited,EQ
ANUP,NSE,ANUP.NS,The Anup Engineering Limited,EQ
ANURAS,NSE,ANURAS.NS,Anupam Rasayan India Limited,EQ
APARINDS,NSE,APARINDS.NS,Apar Industries Limited,EQ
APCL,NSE,APCL.NS,Anjani Portland Cement Limited,EQ
APCOTEXIND,NSE,APCOTEXIND.NS,Apcotex Industries Limited,EQ
APEX,NSE,APEX.NS,Apex Frozen Foods Limited,EQ
APLAPOLLO,NSE,APLAPOLLO.NS,APL Apollo Tubes Limited,EQ
APLLTD,NSE,APLLTD.NS,Alembic Pharmaceuticals Limited,EQ
APOLLO,NSE,APOLLO.NS,Apollo Micro Systems Limited,EQ
APOLLOHOSP,NSE,APOLLOHOSP.NS,Apollo Hospitals Enterprise Limited,EQ
APOLLOPIPE,NSE,APOLLOPIPE.NS,Apollo Pipes Limited,EQ
APOLLOTYRE,NSE,APOLLOTYRE.NS,Apollo Tyres Limited,EQ
APOLSINHOT,NSE,APOLSINHOT.NS,Apollo Sindoori Hotels Limited,EQ
APOORVA,NSE,APOORVA.NS,Apoorva Leasing Finance and Investment Company Limited,EQ
APTECHT,NSE,APTECHT.NS,Aptech Limited,EQ
APTUS,NSE,APTUS.NS,Aptus Value Housing Finance India Limited,EQ
AQYLON,NSE,AQYLON.NS,Aqylon Nexus Limited,EQ
ARCHIDPLY,NSE,ARCHIDPLY.NS,Archidply Industries Limited,EQ
ARCHIES,NSE,ARCHIES.NS,Archies Limited,EQ
ARCIL,NSE,ARCIL.NS,Asset Reconstruction Company (India) Limited,EQ
ARCL,NSE,ARCL.NS,ARCL Organics Limited,EQ
ARDEE,NSE,ARDEE.NS,Ardee Industries Limited,EQ
ARE&M,NSE,ARE&M.NS,Amara Raja Energy & Mobility Limited,EQ
ARENTERP,NSE,ARENTERP.NS,Rajdarshan Industries Limited,EQ
ARFIN,NSE,ARFIN.NS,Arfin India Limited,EQ
ARIES,NSE,ARIES.NS,Aries Agro Limited,BE
ARIHANT,NSE,ARIHANT.NS,Arihant Foundations & Housing Limited,EQ
ARIHANTCAP,NSE,ARIHANTCAP.NS,Arihant Capital Markets Limited,EQ
ARIHANTSUP,NSE,ARIHANTSUP.NS,Arihant Superstructures Limited,EQ
ARIS,NSE,ARIS.NS,Arisinfra Solutions Limited,EQ
ARKADE,NSE,ARKADE.NS,Arkade Developers Limited,EQ
ARMANFIN,NSE,ARMANFIN.NS,Arman Financial Services Limited,EQ
AROGRANITE,NSE,AROGRANITE.NS,Aro Granite Industries Limited,EQ
ARROWGREEN,NSE,ARROWGREEN.NS,Arrow Greentech Limited,EQ
ARSHIYA,NSE,ARSHIYA.NS,Arshiya Limited,BZ
ARSSBL,NSE,ARSSBL.NS,Anand Rathi Share and Stock Brokers Limited,EQ
ARTEMISMED,NSE,ARTEMISMED.NS,Artemis Medicare Services Limited,EQ
ARTNIRMAN,NSE,ARTNIRMAN.NS,Art Nirman Limited,EQ
ARVEE,NSE,ARVEE.NS,Arvee Laboratories (India) Limited,EQ
ARVIND,NSE,ARVIND.NS,Arvind Limited,EQ
ARVINDFASN,NSE,ARVINDFASN.NS,Arvind Fashions Limited,EQ
ARVSMART,NSE,ARVSMART.NS,Arvind SmartSpaces Limited,EQ
ARYAMAN,NSE,ARYAMAN.NS,Aryaman Financial Services Limited,EQ
ASAHIINDIA,NSE,ASAHIINDIA.NS,Asahi India Glass Limited,EQ
ASAHISONG,NSE,ASAHISONG.NS,Asahi Songwon Colors Limited,BE
ASAL,NSE,ASAL.NS,Automotive Stampings and Assemblies Limited,EQ
ASALCBR,NSE,ASALCBR.NS,Associated Alcohols & Breweries Ltd.,EQ
ASHAPURMIN,NSE,ASHAPURMIN.NS,Ashapura Minechem Limited,EQ
ASHIANA,NSE,ASHIANA.NS,Ashiana Housing Limited,EQ
ASHIKAG,NSE,ASHIKAG.NS,Ashika Global Securities Limited,BE
ASHIMASYN,NSE,ASHIMASYN.NS,Ashima Limited,EQ
ASHOKA,NSE,ASHOKA.NS,Ashoka Buildcon Limited,EQ
ASHOKAMET,NSE,ASHOKAMET.NS,Ashoka Metcast Limited,EQ
ASHOKLEY,NSE,ASHOKLEY.NS,Ashok Leyland Limited,EQ
ASIANENE,NSE,ASIANENE.NS,Asian Energy Services Limited,EQ
ASIANHOTNR,NSE,ASIANHOTNR.NS,Asian Hotels (North) Limited,EQ
ASIANPAINT,NSE,ASIANPAINT.NS,Asian Paints Limited,EQ
ASIANTILES,NSE,ASIANTILES.NS,Asian Granito India Limited,EQ
ASIANTNE,NSE,ASIANTNE.NS,Asian Tea & Exports Limited,EQ
ASKAUTOLTD,NSE,ASKAUTOLTD.NS,ASK Automotive Limited,EQ
ASMS,NSE,ASMS.NS,Avio Smart Market Stack Limited,EQ
ASPINWALL,NSE,ASPINWALL.NS,Aspinwall and Company Limited,EQ
ASSAMENT,NSE,ASSAMENT.NS,Assam Entrade Limited,EQ
ASTAR,NSE,ASTAR.NS,Asian Star Company Limited,EQ
ASTEC,NSE,ASTEC.NS,Astec LifeSciences Limited,EQ
ASTERDM,NSE,ASTERDM.NS,Aster DM Quality Care Limited,EQ
ASTRAL,NSE,ASTRAL.NS,Astral Limited,EQ
ASTRAMICRO,NSE,ASTRAMICRO.NS,Astra Microwave Products Limited,EQ
ASTRAZEN,NSE,ASTRAZEN.NS,AstraZeneca Pharma India Limited,EQ
ASTRON,NSE,ASTRON.NS,Astron Paper & Board Mill Limited,BZ
ATALREAL,NSE,ATALREAL.NS,Atal Realtech Limited,EQ
ATAM,NSE,ATAM.NS,Atam Valves Limited,EQ
ATGL,NSE,ATGL.NS,Adani Total Gas Limited,EQ
ATHERENERG,NSE,ATHERENERG.NS,Ather Energy Limited,EQ
ATL,NSE,ATL.NS,Allcargo Terminals Limited,EQ
ATLANTAA,NSE,ATLANTAA.NS,ATLANTAA LIMITED,EQ
ATLANTAELE,NSE,ATLANTAELE.NS,Atlanta Electricals Limited,EQ
ATLASCYCLE,NSE,ATLASCYCLE.NS,Atlas Cycles (Haryana) Limited,EQ
ATUL,NSE,ATUL.NS,Atul Limited,EQ
ATULAUTO,NSE,ATULAUTO.NS,Atul Auto Limited,EQ
AUBANK,NSE,AUBANK.NS,AU Small Finance Bank Limited,EQ
AUGMONT,NSE,AUGMONT.NS,Augmont Enterprises Limited,EQ
AURIONPRO,NSE,AURIONPRO.NS,Aurionpro Solutions Limited,EQ
AUROPHARMA,NSE,AUROPHARMA.NS,Aurobindo Pharma Limited,EQ
AURUM,NSE,AURUM.NS,Aurum PropTech Limited,EQ
AURUS,NSE,AURUS.NS,AURUS GEM CORPORATION LIMITED,EQ
AUSOMENT,NSE,AUSOMENT.NS,Ausom Enterprise Limited,EQ
AUSTENG,NSE,AUSTENG.NS,Austin Engineering Company  Limited,EQ
AUTOAXLES,NSE,AUTOAXLES.NS,Automotive Axles Limited,EQ
AUTOIND,NSE,AUTOIND.NS,Autoline Industries Limited,EQ
AVADHSUGAR,NSE,AVADHSUGAR.NS,Avadh Sugar & Energy Limited,EQ
AVALON,NSE,AVALON.NS,Avalon Technologies Limited,EQ
AVANCE,NSE,AVANCE.NS,Avance Technologies Limited,EQ
AVANTEL,NSE,AVANTEL.NS,Avantel Limited,EQ
AVANTIFEED,NSE,AVANTIFEED.NS,Avanti Feeds Limited,EQ
AVG,NSE,AVG.NS,AVG Logistics Limited,BE
AVL,NSE,AVL.NS,Aditya Vision Limited,EQ
AVONMORE,NSE,AVONMORE.NS,Avonmore Capital & Management Services Limited,EQ
AVROIND,NSE,AVROIND.NS,AVRO INDIA LIMITED,EQ
AVTNPL,NSE,AVTNPL.NS,AVT Natural Products Limited,EQ
AWFIS,NSE,AWFIS.NS,Awfis Space Solutions Limited,EQ
AWHCL,NSE,AWHCL.NS,Antony Waste Handling Cell Limited,EQ
AWL,NSE,AWL.NS,AWL Agri Business Limited,EQ
AXISBANK,NSE,AXISBANK.NS,Axis Bank Limited,EQ
AXISCADES,NSE,AXISCADES.NS,AXISCADES Technologies Limited,EQ
AXITA,NSE,AXITA.NS,Axita Cotton Limited,EQ
AXTEL,NSE,AXTEL.NS,Axtel Industries Limited,EQ
AYE,NSE,AYE.NS,Aye Finance Limited,EQ
AYMSYNTEX,NSE,AYMSYNTEX.NS,AYM Syntex Limited,EQ
AZAD,NSE,AZAD.NS,Azad Engineering Limited,EQ
AZADIND,NSE,AZADIND.NS,Azad India Mobility Limited,EQ
BAFNAPH,NSE,BAFNAPH.NS,Bafna Pharmaceuticals Limited,BE
BAGFILMS,NSE,BAGFILMS.NS,B.A.G Films and Media Limited,EQ
BAIDFIN,NSE,BAIDFIN.NS,Baid Finserv Limited,EQ
BAJAJ-AUTO,NSE,BAJAJ-AUTO.NS,Bajaj Auto Limited,EQ
BAJAJCON,NSE,BAJAJCON.NS,Bajaj Consumer Care Limited,EQ
BAJAJELEC,NSE,BAJAJELEC.NS,Bajaj Electricals Limited,EQ
BAJAJFINSV,NSE,BAJAJFINSV.NS,Bajaj Finserv Limited,EQ
BAJAJHCARE,NSE,BAJAJHCARE.NS,Bajaj Healthcare Limited,EQ
BAJAJHFL,NSE,BAJAJHFL.NS,Bajaj Housing Finance Limited,EQ
BAJAJHIND,NSE,BAJAJHIND.NS,Bajaj Hindusthan Sugar Limited,EQ
BAJAJHLDNG,NSE,BAJAJHLDNG.NS,Bajaj Holdings & Investment Limited,EQ
BAJAJINDEF,NSE,BAJAJINDEF.NS,Indef Manufacturing Limited,EQ
BAJAJST,NSE,BAJAJST.NS,Bajaj Steel Industries Limited,EQ
BAJEL,NSE,BAJEL.NS,Bajel Projects Limited,EQ
BAJFINANCE,NSE,BAJFINANCE.NS,Bajaj Finance Limited,EQ
BALAJEE,NSE,BALAJEE.NS,Shree Tirupati Balajee Agro Trading Company Limited,EQ
BALAJITELE,NSE,BALAJITELE.NS,Balaji Telefilms Limited,EQ
BALAMINES,NSE,BALAMINES.NS,Balaji Amines Limited,EQ
BALAXI,NSE,BALAXI.NS,BALAXI PHARMACEUTICALS LIMITED,EQ
BALKRISHNA,NSE,BALKRISHNA.NS,Balkrishna Paper Mills Limited,EQ
BALKRISIND,NSE,BALKRISIND.NS,Balkrishna Industries Limited,EQ
BALMLAWRIE,NSE,BALMLAWRIE.NS,Balmer Lawrie & Company Limited,EQ
BALPHARMA,NSE,BALPHARMA.NS,Bal Pharma Limited,EQ
BALRAMCHIN,NSE,BALRAMCHIN.NS,Balrampur Chini Mills Limited,EQ
BALUFORGE,NSE,BALUFORGE.NS,Balu Forge Industries Limited,EQ
BANARBEADS,NSE,BANARBEADS.NS,Banaras Beads Limited,EQ
BANARISUG,NSE,BANARISUG.NS,Bannari Amman Sugars Limited,EQ
BANCOINDIA,NSE,BANCOINDIA.NS,Banco Products (I) Limited,EQ
BANDHANBNK,NSE,BANDHANBNK.NS,Bandhan Bank Limited,EQ
BANG,NSE,BANG.NS,Bang Overseas Limited,EQ
BANKA,NSE,BANKA.NS,Banka BioLoo Limited,EQ
BANKBARODA,NSE,BANKBARODA.NS,Bank of Baroda,EQ
BANKINDIA,NSE,BANKINDIA.NS,Bank of India,EQ
BANSALWIRE,NSE,BANSALWIRE.NS,Bansal Wire Industries Limited,EQ
BANSWRAS,NSE,BANSWRAS.NS,Banswara Syntex Limited,EQ
BASF,NSE,BASF.NS,BASF India Limited,EQ
BASML,NSE,BASML.NS,Bannari Amman Spinning Mills Limited,BE
BATAINDIA,NSE,BATAINDIA.NS,Bata India Limited,EQ
BATLIBOI,NSE,BATLIBOI.NS,Batliboi Limited,EQ
BAYERCROP,NSE,BAYERCROP.NS,Bayer Cropscience Limited,EQ
BBL,NSE,BBL.NS,Bharat Bijlee Limited,EQ
BBOX,NSE,BBOX.NS,Black Box Limited,EQ
BBTC,NSE,BBTC.NS,The Bombay Burmah Trading Corporation Limited,EQ
BBTCL,NSE,BBTCL.NS,B&B Triplewall Containers Limited,EQ
BCG,NSE,BCG.NS,Brightcom Group Limited,EQ
BCLIND,NSE,BCLIND.NS,Bcl Industries Limited,EQ
BCONCEPTS,NSE,BCONCEPTS.NS,Brand Concepts Limited,EQ
BCPL,NSE,BCPL.NS,BCPL Railway Infrastructure Limited,EQ
BDL,NSE,BDL.NS,Bharat Dynamics Limited,EQ
BEARDSELL,NSE,BEARDSELL.NS,Beardsell Limited,EQ
BECTORFOOD,NSE,BECTORFOOD.NS,Mrs. Bectors Food Specialities Limited,EQ
BEDMUTHA,NSE,BEDMUTHA.NS,Bedmutha Industries Limited,EQ
BEEKAY,NSE,BEEKAY.NS,Beekay Steel Industries Limited,EQ
BEL,NSE,BEL.NS,Bharat Electronics Limited,EQ
BELLACASA,NSE,BELLACASA.NS,Bella Casa Fashion & Retail Limited,EQ
BELRISE,NSE,BELRISE.NS,Belrise Industries Limited,EQ
BEML,NSE,BEML.NS,BEML Limited,EQ
BENARAS,NSE,BENARAS.NS,Benares Hotels Limited,EQ
BENGALASM,NSE,BENGALASM.NS,Bengal & Assam Company Limited,EQ
BEPL,NSE,BEPL.NS,Bhansali Engineering Polymers Limited,EQ
BERGEPAINT,NSE,BERGEPAINT.NS,Berger Paints (I) Limited,EQ
BESTAGRO,NSE,BESTAGRO.NS,Best Agrolife Limited,EQ
BETA,NSE,BETA.NS,Beta Drugs Limited,EQ
BFINVEST,NSE,BFINVEST.NS,BF Investment Limited,EQ
BFUTILITIE,NSE,BFUTILITIE.NS,BF Utilities Limited,EQ
BGLOBAL,NSE,BGLOBAL.NS,Bharatiya Global Infomedia Limited,BZ
BGRENERGY,NSE,BGRENERGY.NS,BGR Energy Systems Limited,BE
BHAGCHEM,NSE,BHAGCHEM.NS,Bhagiradha Chemicals & Industries Limited,EQ
BHAGERIA,NSE,BHAGERIA.NS,Bhageria Industries Limited,EQ
BHAGYANGR,NSE,BHAGYANGR.NS,Bhagyanagar India Limited,EQ
BHANDARI,NSE,BHANDARI.NS,Bhandari Hosiery Exports Limited,EQ
BHARATCOAL,NSE,BHARATCOAL.NS,Bharat Coking Coal Limited,EQ
BHARATFORG,NSE,BHARATFORG.NS,Bharat Forge Limited,EQ
BHARATGEAR,NSE,BHARATGEAR.NS,Bharat Gears Limited,BE
BHARATRAS,NSE,BHARATRAS.NS,Bharat Rasayan Limited,EQ
BHARATSE,NSE,BHARATSE.NS,Bharat Seats Limited,EQ
BHARATWIRE,NSE,BHARATWIRE.NS,Bharat Wire Ropes Limited,EQ
BHARTIARTL,NSE,BHARTIARTL.NS,Bharti Airtel Limited,EQ
BHARTIHEXA,NSE,BHARTIHEXA.NS,Bharti Hexacom Limited,EQ
BHEL,NSE,BHEL.NS,Bharat Heavy Electricals Limited,EQ
BI,NSE,BI.NS,Bilcare Limited,BE
BIGBLOC,NSE,BIGBLOC.NS,Bigbloc Construction Limited,EQ
BIKAJI,NSE,BIKAJI.NS,Bikaji Foods International Limited,EQ
BIL,NSE,BIL.NS,Bhartiya International Limited,EQ
BILVYAPAR,NSE,BILVYAPAR.NS,BIL VYAPAR LIMITED,BE
BIMETAL,NSE,BIMETAL.NS,Bimetal Bearings Limited,EQ
BIOCON,NSE,BIOCON.NS,Biocon Limited,EQ
BIOFILCHEM,NSE,BIOFILCHEM.NS,Biofil Chemicals & Pharmaceuticals Limited,EQ
BIRLACABLE,NSE,BIRLACABLE.NS,Birla Cable Limited,EQ
BIRLACORPN,NSE,BIRLACORPN.NS,Birla Corporation Limited,EQ
BIRLAMONEY,NSE,BIRLAMONEY.NS,Aditya Birla Money Limited,EQ
BIRLANU,NSE,BIRLANU.NS,BirlaNu Limited,EQ
BIRLAPREC,NSE,BIRLAPREC.NS,Birla Precision Technologies Limited,BE
BLACKBUCK,NSE,BLACKBUCK.NS,BLACKBUCK LIMITED,EQ
BLACKROSE,NSE,BLACKROSE.NS,Black Rose Inds. Limited,EQ
BLAL,NSE,BLAL.NS,BEML Land Assets Limited,EQ
BLBLIMITED,NSE,BLBLIMITED.NS,BLB Limited,EQ
BLEL,NSE,BLEL.NS,Behari Lal Engineering Limited,EQ
BLIL,NSE,BLIL.NS,Balmer Lawrie Investments Limited,EQ
BLISSGVS,NSE,BLISSGVS.NS,Bliss GVS Pharma Limited,BE
BLKASHYAP,NSE,BLKASHYAP.NS,B. L. Kashyap and Sons Limited,EQ
BLS,NSE,BLS.NS,BLS International Services Limited,EQ
BLSE,NSE,BLSE.NS,BLS E-Services Limited,EQ
BLUECHIP,NSE,BLUECHIP.NS,Blue Chip India Limited,BE
BLUECLOUDS,NSE,BLUECLOUDS.NS,Blue Cloud Softech Solutions Limited,EQ
BLUECOAST,NSE,BLUECOAST.NS,Blue Coast Hotels Limited,EQ
BLUEDART,NSE,BLUEDART.NS,Blue Dart Express Limited,EQ
BLUEJET,NSE,BLUEJET.NS,Blue Jet Healthcare Limited,EQ
BLUESTARCO,NSE,BLUESTARCO.NS,Blue Star Limited,EQ
BLUESTONE,NSE,BLUESTONE.NS,BlueStone Jewellery and Lifestyle Limited,EQ
BLUSPRING,NSE,BLUSPRING.NS,Bluspring Enterprises Limited,EQ
BMWVENTLTD,NSE,BMWVENTLTD.NS,BMW Ventures Limited,EQ
BNAGROCHEM,NSE,BNAGROCHEM.NS,BN Agrochem Limited,EQ
BNALTD,NSE,BNALTD.NS,B & A Limited,BE
BODALCHEM,NSE,BODALCHEM.NS,Bodal Chemicals Limited,EQ
BOHRAIND,NSE,BOHRAIND.NS,Bohra Industries Limited,EQ
BOMDYEING,NSE,BOMDYEING.NS,Bombay Dyeing & Mfg Company Limited,EQ
BONLON,NSE,BONLON.NS,Bonlon Industries Limited,EQ
BORANA,NSE,BORANA.NS,Borana Weaves Limited,EQ
BOROLTD,NSE,BOROLTD.NS,Borosil Limited,EQ
BORORENEW,NSE,BORORENEW.NS,BOROSIL RENEWABLES LIMITED,EQ
BOROSCI,NSE,BOROSCI.NS,Borosil Scientific Limited,EQ
BOSCH-HCIL,NSE,BOSCH-HCIL.NS,BOSCH HOME COMFORT INDIA LIMITED,EQ
BOSCHLTD,NSE,BOSCHLTD.NS,Bosch Limited,EQ
BPCL,NSE,BPCL.NS,Bharat Petroleum Corporation Limited,EQ
BPL,NSE,BPL.NS,BPL Limited,EQ
BPLPHARMA,NSE,BPLPHARMA.NS,Bharat Parenterals Limited,EQ
BRAHMINFRA,NSE,BRAHMINFRA.NS,Brahmaputra Infrastructure Limited,EQ
BRIGADE,NSE,BRIGADE.NS,Brigade Enterprises Limited,EQ
BRIGHOTEL,NSE,BRIGHOTEL.NS,Brigade Hotel Ventures Limited,EQ
BRIGHTBR,NSE,BRIGHTBR.NS,Bright Brothers Limited,EQ
BRITANNIA,NSE,BRITANNIA.NS,Britannia Industries Limited,EQ
BRNL,NSE,BRNL.NS,Bharat Road Network Limited,EQ
BROOKS,NSE,BROOKS.NS,Brooks Laboratories Limited,EQ
BSE,NSE,BSE.NS,BSE Limited,EQ
BSHSL,NSE,BSHSL.NS,Bombay Super Hybrid Seeds Limited,EQ
BSL,NSE,BSL.NS,BSL Limited,EQ
BSOFT,NSE,BSOFT.NS,BIRLASOFT LIMITED,EQ
BTML,NSE,BTML.NS,Bodhi Tree Multimedia Limited,EQ
BTTL,NSE,BTTL.NS,Bhilwara Technical Textiles Limited,BE
BUILDPRO,NSE,BUILDPRO.NS,Shankara Buildpro Limited,EQ
BURNPUR,NSE,BURNPUR.NS,Burnpur Cement Limited,BE
BUTTERFLY,NSE,BUTTERFLY.NS,Butterfly Gandhimathi Appliances Limited,EQ
BVCL,NSE,BVCL.NS,Barak Valley Cements Limited,EQ
BYKE,NSE,BYKE.NS,The Byke Hospitality Ltd,EQ
CALSOFT,NSE,CALSOFT.NS,California Software Company Limited,BE
CAMLINFINE,NSE,CAMLINFINE.NS,Camlin Fine Sciences Limited,EQ
CAMPUS,NSE,CAMPUS.NS,Campus Activewear Limited,EQ
CAMS,NSE,CAMS.NS,Computer Age Management Services Limited,EQ
CANBK,NSE,CANBK.NS,Canara Bank,EQ
CANFINHOME,NSE,CANFINHOME.NS,Can Fin Homes Limited,EQ
CANHLIFE,NSE,CANHLIFE.NS,Canara HSBC Life Insurance Company Limited,EQ
CANTABIL,NSE,CANTABIL.NS,Cantabil Retail India Limited,EQ
CAPACITE,NSE,CAPACITE.NS,Capacit'e Infraprojects Limited,EQ
CAPILLARY,NSE,CAPILLARY.NS,Capillary Technologies India Limited,EQ
CAPITALSFB,NSE,CAPITALSFB.NS,Capital Small Finance Bank Limited,EQ
CAPLIPOINT,NSE,CAPLIPOINT.NS,Caplin Point Laboratories Limited,EQ
CAPTRUST,NSE,CAPTRUST.NS,Capital Trust Limited,BE
CARBORUNIV,NSE,CARBORUNIV.NS,Carborundum Universal Limited,EQ
CARERATING,NSE,CARERATING.NS,CARE Ratings Limited,EQ
CARRARO,NSE,CARRARO.NS,Carraro India Limited,EQ
CARTRADE,NSE,CARTRADE.NS,Cartrade Tech Limited,EQ
CARYSIL,NSE,CARYSIL.NS,CARYSIL LIMITED,EQ
CASTROLIND,NSE,CASTROLIND.NS,Castrol India Limited,EQ
CCAVENUE,NSE,CCAVENUE.NS,AvenuesAI Limited,EQ
CCCL,NSE,CCCL.NS,Consolidated Construction Consortium Limited,EQ
CCHHL,NSE,CCHHL.NS,Country Club Hospitality & Holidays Limited,EQ
CCL,NSE,CCL.NS,CCL Products (India) Limited,EQ
CDSL,NSE,CDSL.NS,Central Depository Services (India) Limited,EQ
CEATLTD,NSE,CEATLTD.NS,CEAT Limited,EQ
CEIGALL,NSE,CEIGALL.NS,Ceigall India Limited,EQ
CEINSYS,NSE,CEINSYS.NS,Ceinsys Tech Limited,EQ
CELEBRITY,NSE,CELEBRITY.NS,Celebrity Fashions Limited,EQ
CELLO,NSE,CELLO.NS,Cello World Limited,EQ
CEMPRO,NSE,CEMPRO.NS,Cemindia Projects Limited,EQ
CENTENKA,NSE,CENTENKA.NS,Century Enka Limited,EQ
CENTEXT,NSE,CENTEXT.NS,Century Extrusions Limited,EQ
CENTEXT-RE,NSE,CENTEXT-RE.NS,Century Extrusions Limited-RE,BE
CENTRALBK,NSE,CENTRALBK.NS,Central Bank of India,EQ
CENTRUM,NSE,CENTRUM.NS,Centrum Capital Limited,EQ
CENTUM,NSE,CENTUM.NS,Centum Electronics Limited,EQ
CENTURYPLY,NSE,CENTURYPLY.NS,Century Plyboards (India) Limited,EQ
CERA,NSE,CERA.NS,Cera Sanitaryware Limited,EQ
CEREBRAINT,NSE,CEREBRAINT.NS,Cerebra Integrated Technologies Limited,BZ
CESC,NSE,CESC.NS,CESC Limited,EQ
CEWATER,NSE,CEWATER.NS,Concord Enviro Systems Limited,EQ
CFEL,NSE,CFEL.NS,Confidence Futuristic Energetech Limited,BE
CGCL,NSE,CGCL.NS,Capri Global Capital Limited,EQ
CGPOWER,NSE,CGPOWER.NS,CG Power and Industrial Solutions Limited,EQ
CGVAK,NSE,CGVAK.NS,CG Vak Software & Exports Limited,EQ
CHALET,NSE,CHALET.NS,Chalet Hotels Limited,EQ
CHAMBLFERT,NSE,CHAMBLFERT.NS,Chambal Fertilizers & Chemicals Limited,EQ
CHEMBOND,NSE,CHEMBOND.NS,Chembond Material Technologies Limited,EQ
CHEMBONDCH,NSE,CHEMBONDCH.NS,Chembond Chemicals Limited,BE
CHEMCON,NSE,CHEMCON.NS,Chemcon Speciality Chemicals Limited,EQ
CHEMCRUX,NSE,CHEMCRUX.NS,Chemcrux Enterprises Limited,EQ
CHEMFAB,NSE,CHEMFAB.NS,Chemfab Alkalis Limited,EQ
CHEMPLASTS,NSE,CHEMPLASTS.NS,Chemplast Sanmar Limited,EQ
CHENNPETRO,NSE,CHENNPETRO.NS,Chennai Petroleum Corporation Limited,EQ
CHEVIOT,NSE,CHEVIOT.NS,Cheviot Company Limited,EQ
CHOICEIN,NSE,CHOICEIN.NS,Choice International Limited,EQ
CHOLAFIN,NSE,CHOLAFIN.NS,Cholamandalam Investment and Finance Company Limited,EQ
CHOLAHLDNG,NSE,CHOLAHLDNG.NS,Cholamandalam Financial Holdings Limited,EQ
CIEINDIA,NSE,CIEINDIA.NS,CIE Automotive India Limited,EQ
CIFL,NSE,CIFL.NS,Capital India Finance Limited,EQ
CINELINE,NSE,CINELINE.NS,Cineline India Limited,EQ
CINEVISTA,NSE,CINEVISTA.NS,Cinevista Limited,EQ
CIPLA,NSE,CIPLA.NS,Cipla Limited,EQ
CLCIND,NSE,CLCIND.NS,CLC Industries Limited,BE
CLEAN,NSE,CLEAN.NS,Clean Science and Technology Limited,EQ
CLEANMAX,NSE,CLEANMAX.NS,Clean Max Enviro Energy Solutions Limited,EQ
CLEDUCATE,NSE,CLEDUCATE.NS,CL Educate Limited,EQ
CLSEL,NSE,CLSEL.NS,Chaman Lal Setia Exports Limited,EQ
CMICABLES,NSE,CMICABLES.NS,CMI Limited,BZ
CMLL,NSE,CMLL.NS,Caliber Mining and Logistics Limited,EQ
CMPDI,NSE,CMPDI.NS,Central Mine Planning & Design Institute Limited,EQ
CMRGREEN,NSE,CMRGREEN.NS,CMR Green Technologies Limited,EQ
CMSINFO,NSE,CMSINFO.NS,CMS Info Systems Limited,EQ
CNL,NSE,CNL.NS,Creative Newtech Limited,EQ
COALINDIA,NSE,COALINDIA.NS,Coal India Limited,EQ
COASTCORP,NSE,COASTCORP.NS,Coastal Corporation Limited,EQ
COCHINSHIP,NSE,COCHINSHIP.NS,Cochin Shipyard Limited,EQ
COCKERILL,NSE,COCKERILL.NS,John Cockerill India Limited,EQ
COFFEEDAY,NSE,COFFEEDAY.NS,Coffee Day Enterprises Limited,EQ
COFORGE,NSE,COFORGE.NS,Coforge Limited,EQ
COHANCE,NSE,COHANCE.NS,Cohance Lifesciences Limited,EQ
COLPAL,NSE,COLPAL.NS,Colgate Palmolive (India) Limited,EQ
COMFINTE,NSE,COMFINTE.NS,Comfort Intech Limited,EQ
COMPEAU,NSE,COMPEAU.NS,Competent Automobiles Company Limited,EQ
COMPINFO,NSE,COMPINFO.NS,Compuage Infocom Limited,BZ
COMPUSOFT,NSE,COMPUSOFT.NS,Compucom Software Limited,EQ
COMSYN,NSE,COMSYN.NS,Commercial Syn Bags Limited,EQ
CONCOR,NSE,CONCOR.NS,Container Corporation of India Limited,EQ
CONCORDBIO,NSE,CONCORDBIO.NS,Concord Biotech Limited,EQ
CONFIPET,NSE,CONFIPET.NS,Confidence Petroleum India Limited,EQ
CONSOFINVT,NSE,CONSOFINVT.NS,Consolidated Finvest & Holdings Limited,BE
CONTROLPR,NSE,CONTROLPR.NS,Control Print Limited,EQ
CORALFINAC,NSE,CORALFINAC.NS,Coral India Finance & Housing Limited,EQ
CORDELIA,NSE,CORDELIA.NS,Waterways Leisure Tourism Limited,EQ
CORDSCABLE,NSE,CORDSCABLE.NS,Cords Cable Industries Limited,BE
COROMANDEL,NSE,COROMANDEL.NS,Coromandel International Limited,EQ
CORONA,NSE,CORONA.NS,CORONA Remedies Limited,EQ
COSMOFIRST,NSE,COSMOFIRST.NS,COSMO FIRST LIMITED,EQ
COUNCODOS,NSE,COUNCODOS.NS,Country Condo's Limited,BE
CPCAP,NSE,CPCAP.NS,CP Capital Limited,EQ
CPEDU,NSE,CPEDU.NS,Career Point Edutech Limited,EQ
CPL,NSE,CPL.NS,Captain Polyplast Limited,EQ
CPPLUS,NSE,CPPLUS.NS,Aditya Infotech Limited,EQ
CRAFTSMAN,NSE,CRAFTSMAN.NS,Craftsman Automation Limited,EQ
CRAMC,NSE,CRAMC.NS,Canara Robeco Asset Management Company Limited,EQ
CRAVATEX,NSE,CRAVATEX.NS,Cravatex Limited,EQ
CREATIVEYE,NSE,CREATIVEYE.NS,Creative Eye Limited,EQ
CREDITACC,NSE,CREDITACC.NS,CREDITACCESS GRAMEEN LIMITED,EQ
CREST,NSE,CREST.NS,Crest Ventures Limited,EQ
CRESTO,NSE,CRESTO.NS,CRESTO TECHNO LIMITED,EQ
CRISIL,NSE,CRISIL.NS,Crisil Limited,EQ
CRIZAC,NSE,CRIZAC.NS,Crizac Limited,EQ
CROMPTON,NSE,CROMPTON.NS,Crompton Greaves Consumer Electricals Limited,EQ
CROWN,NSE,CROWN.NS,Crown Lifters Limited,EQ
CRSL,NSE,CRSL.NS,Cressanda Railway Solutions Limited,BE
CSBBANK,NSE,CSBBANK.NS,CSB Bank Limited,EQ
CSLFINANCE,NSE,CSLFINANCE.NS,CSL Finance Limited,EQ
CSM,NSE,CSM.NS,CSM Technologies Limited,EQ
CTE,NSE,CTE.NS,Cambridge Technology Enterprises Limited,BE
CUB,NSE,CUB.NS,City Union Bank Limited,EQ
CUBEXTUB,NSE,CUBEXTUB.NS,Cubex Tubings Limited,EQ
CUMMINSIND,NSE,CUMMINSIND.NS,Cummins India Limited,EQ
CUPID,NSE,CUPID.NS,Cupid Limited,EQ
CURAA,NSE,CURAA.NS,Cura Technologies Limited,BE
CYBERMEDIA,NSE,CYBERMEDIA.NS,Cyber Media (India) Limited,BE
CYBERTECH,NSE,CYBERTECH.NS,Cybertech Systems And Software Limited,BE
CYIENT,NSE,CYIENT.NS,Cyient Limited,EQ
CYIENTDLM,NSE,CYIENTDLM.NS,Cyient DLM Limited,EQ
DABUR,NSE,DABUR.NS,Dabur India Limited,EQ
DAICHI,NSE,DAICHI.NS,Dai-Ichi Karkaria Limited,BE
DALBHARAT,NSE,DALBHARAT.NS,Dalmia Bharat Limited,EQ
DALMIASUG,NSE,DALMIASUG.NS,Dalmia Bharat Sugar and Industries Limited,EQ
DAMCAPITAL,NSE,DAMCAPITAL.NS,Dam Capital Advisors Limited,EQ
DAMODARIND,NSE,DAMODARIND.NS,Damodar Industries Limited,BE
DANGEE,NSE,DANGEE.NS,Dangee Dums Limited,EQ
DATAMATICS,NSE,DATAMATICS.NS,Datamatics Global Services Limited,EQ
DATAPATTNS,NSE,DATAPATTNS.NS,Data Patterns (India) Limited,EQ
DAVANGERE,NSE,DAVANGERE.NS,Davangere Sugar Company Limited,EQ
DBCORP,NSE,DBCORP.NS,D.B.Corp Limited,EQ
DBEIL,NSE,DBEIL.NS,Deepak Builders & Engineers India Limited,EQ
DBL,NSE,DBL.NS,Dilip Buildcon Limited,EQ
DBOL,NSE,DBOL.NS,Dhampur Bio Organics Limited,EQ
DBREALTY,NSE,DBREALTY.NS,Valor Estate Limited,EQ
DBSTOCKBRO,NSE,DBSTOCKBRO.NS,DB (International) Stock Brokers Limited,BE
DCAL,NSE,DCAL.NS,Dishman Carbogen Amcis Limited,EQ
DCBBANK,NSE,DCBBANK.NS,DCB Bank Limited,EQ
DCI,NSE,DCI.NS,Dc Infotech And Communication Limited,EQ
DCM,NSE,DCM.NS,DCM  Limited,EQ
DCMFINSERV,NSE,DCMFINSERV.NS,DCM Financial Services Limited,EQ
DCMNVL,NSE,DCMNVL.NS,DCM Nouvelle Limited,EQ
DCMSHRIRAM,NSE,DCMSHRIRAM.NS,DCM Shriram Limited,EQ
DCMSIL,NSE,DCMSIL.NS,DCM Shriram International Limited,EQ
DCMSRIND,NSE,DCMSRIND.NS,DCM Shriram Industries Limited,EQ
DCW,NSE,DCW.NS,DCW Limited,EQ
DCXINDIA,NSE,DCXINDIA.NS,DCX Systems Limited,EQ
DDEVPLSTIK,NSE,DDEVPLSTIK.NS,Ddev Plastiks Industries Limited,EQ
DECCANCE,NSE,DECCANCE.NS,Deccan Cements Limited,EQ
DECNGOLD,NSE,DECNGOLD.NS,Deccan Gold Mines Limited,EQ
DEEDEV,NSE,DEEDEV.NS,DEE Development Engineers Limited,EQ
DEEP,NSE,DEEP.NS,Deep Polymers Limited,BE
DEEPA,NSE,DEEPA.NS,Deepa Jewellers Limited,EQ
DEEPAKFERT,NSE,DEEPAKFERT.NS,Deepak Fertilizers and Petrochemicals Corporation Limited,EQ
DEEPAKNTR,NSE,DEEPAKNTR.NS,Deepak Nitrite Limited,EQ
DEEPINDS,NSE,DEEPINDS.NS,Deep Industries Limited,EQ
DELHIVERY,NSE,DELHIVERY.NS,Delhivery Limited,EQ
DELPHIFX,NSE,DELPHIFX.NS,DELPHI WORLD MONEY LIMITED,BE
DELTACORP,NSE,DELTACORP.NS,Delta Corp Limited,EQ
DELTAMAGNT,NSE,DELTAMAGNT.NS,Delta Manufacturing Limited,EQ
DEN,NSE,DEN.NS,Den Networks Limited,EQ
DENORA,NSE,DENORA.NS,De Nora India Limited,EQ
DENTA,NSE,DENTA.NS,Denta Water and Infra Solutions Limited,EQ
DEVIT,NSE,DEVIT.NS,Dev Information Technology Limited,EQ
DEVX,NSE,DEVX.NS,Dev Accelerator Limited,EQ
DEVYANI,NSE,DEVYANI.NS,Devyani International Limited,EQ
DGCONTENT,NSE,DGCONTENT.NS,Digicontent Limited,EQ
DHABRIYA,NSE,DHABRIYA.NS,Dhabriya Polywood Limited,BE
DHAMPURSUG,NSE,DHAMPURSUG.NS,Dhampur Sugar Mills Limited,EQ
DHANBANK,NSE,DHANBANK.NS,Dhanlaxmi Bank Limited,EQ
DHANUKA,NSE,DHANUKA.NS,Dhanuka Agritech Limited,EQ
DHARAN,NSE,DHARAN.NS,DHARAN INFRA-EPC LIMITED,BZ
DHARMAJ,NSE,DHARMAJ.NS,Dharmaj Crop Guard Limited,EQ
DHATRE,NSE,DHATRE.NS,Dhatre Udyog Limited,EQ
DHOOTTRANS,NSE,DHOOTTRANS.NS,Dhoot Transmission Limited,EQ
DHRUV,NSE,DHRUV.NS,Dhruv Consultancy Services Limited,EQ
DHUNINV,NSE,DHUNINV.NS,Dhunseri Investments Limited,EQ
DIACABS,NSE,DIACABS.NS,Diamond Power Infrastructure Limited,BE
DIAMINESQ,NSE,DIAMINESQ.NS,Diamines & Chemicals Limited,EQ
DIAMONDYD,NSE,DIAMONDYD.NS,Prataap Snacks Limited,EQ
DICIND,NSE,DICIND.NS,DIC India Limited,EQ
DIFFNKG,NSE,DIFFNKG.NS,Diffusion Engineers Limited,EQ
DIGIDRIVE,NSE,DIGIDRIVE.NS,Digidrive Distributors Limited,EQ
DIGISPICE,NSE,DIGISPICE.NS,DiGiSPICE Technologies Limited,EQ
DIGITIDE,NSE,DIGITIDE.NS,Digitide Solutions Limited,EQ
DIGJAMLMTD,NSE,DIGJAMLMTD.NS,Digjam Limited,BE
DISAQ,NSE,DISAQ.NS,Disa India Limited,EQ
DISHTV,NSE,DISHTV.NS,Dish TV India Limited,EQ
DIVGIITTS,NSE,DIVGIITTS.NS,Divgi Torqtransfer Systems Limited,EQ
DIVISLAB,NSE,DIVISLAB.NS,Divi's Laboratories Limited,EQ
DIXON,NSE,DIXON.NS,Dixon Technologies (India) Limited,EQ
DJML,NSE,DJML.NS,DJ Mediaprint & Logistics Limited,EQ
DLF,NSE,DLF.NS,DLF Limited,EQ
DLINKINDIA,NSE,DLINKINDIA.NS,D-Link (India) Limited,EQ
DMART,NSE,DMART.NS,Avenue Supermarts Limited,EQ
DMCC,NSE,DMCC.NS,DMCC SPECIALITY CHEMICALS LIMITED,EQ
DNAMEDIA,NSE,DNAMEDIA.NS,Diligent Media Corporation Limited,EQ
DODLA,NSE,DODLA.NS,Dodla Dairy Limited,EQ
DOLATALGO,NSE,DOLATALGO.NS,Dolat Algotech Limited,EQ
DOLLAR,NSE,DOLLAR.NS,Dollar Industries Limited,EQ
DOLLEX,NSE,DOLLEX.NS,Dollex Agrotech Limited,EQ
DOLPHIN,NSE,DOLPHIN.NS,Dolphin Offshore Enterprises (India) Limited,EQ
DOMS,NSE,DOMS.NS,DOMS Industries Limited,EQ
DONEAR,NSE,DONEAR.NS,Donear Industries Limited,EQ
DPABHUSHAN,NSE,DPABHUSHAN.NS,D. P. Abhushan Limited,EQ
DPSCLTD,NSE,DPSCLTD.NS,DPSC Limited,BE
DPWIRES,NSE,DPWIRES.NS,D P Wires Limited,BE
DRAGARWQ,NSE,DRAGARWQ.NS,Dr Agarwals Eye Hospital Limited,EQ
DRCSYSTEMS,NSE,DRCSYSTEMS.NS,DRC Systems India Limited,EQ
DREAMFOLKS,NSE,DREAMFOLKS.NS,Dreamfolks Services Limited,EQ
DREDGECORP,NSE,DREDGECORP.NS,Dredging Corporation of India Limited,EQ
DRREDDY,NSE,DRREDDY.NS,Dr. Reddy's Laboratories Limited,EQ
DSFCL,NSE,DSFCL.NS,DCM Shriram Fine Chemicals Limited,EQ
DSKULKARNI,NSE,DSKULKARNI.NS,DS Kulkarni Developers Limited,BE
DSSL,NSE,DSSL.NS,Dynacons Systems & Solutions Limited,EQ
DTIL,NSE,DTIL.NS,Dhunseri Tea & Industries Limited,BE
DUCON,NSE,DUCON.NS,Ducon Infratechnologies Limited,EQ
DVL,NSE,DVL.NS,Dhunseri Ventures Limited,EQ
DWARKESH,NSE,DWARKESH.NS,Dwarikesh Sugar Industries Limited,EQ
DYCL,NSE,DYCL.NS,Dynamic Cables Limited,EQ
DYNAMATECH,NSE,DYNAMATECH.NS,Dynamatic Technologies Limited,EQ
DYNPRO,NSE,DYNPRO.NS,Dynemic Products Limited,EQ
E2E,NSE,E2E.NS,E2E Networks Limited,BE
EASEMYTRIP,NSE,EASEMYTRIP.NS,Easy Trip Planners Limited,EQ
EASTSILK,NSE,EASTSILK.NS,Eastern Silk Industries Limited,BE
EASTWEST,NSE,EASTWEST.NS,East West Freight Carriers Limited,EQ
EBGNG,NSE,EBGNG.NS,GNG Electronics Limited,EQ
EBIX,NSE,EBIX.NS,EBIX Limited,BE
ECLERX,NSE,ECLERX.NS,eClerx Services Limited,EQ
ECORECO,NSE,ECORECO.NS,Eco Recycling Limited,EQ
ECOSMOBLTY,NSE,ECOSMOBLTY.NS,Ecos (India) Mobility & Hospitality Limited,EQ
EDELWEISS,NSE,EDELWEISS.NS,Edelweiss Financial Services Limited,EQ
EDUCOMP,NSE,EDUCOMP.NS,Educomp Solutions Limited,BZ
EFCIL,NSE,EFCIL.NS,EFC (I) Limited,EQ
EICHERMOT,NSE,EICHERMOT.NS,Eicher Motors Limited,EQ
EIDPARRY,NSE,EIDPARRY.NS,EID Parry India Limited,EQ
EIEL,NSE,EIEL.NS,Enviro Infra Engineers Limited,EQ
EIFFL,NSE,EIFFL.NS,Euro India Fresh Foods Limited,BE
EIHAHOTELS,NSE,EIHAHOTELS.NS,EIH Associated Hotels Limited,EQ
EIHOTEL,NSE,EIHOTEL.NS,EIH Limited,EQ
EIMCOELECO,NSE,EIMCOELECO.NS,Eimco Elecon (India) Limited,EQ
EKC,NSE,EKC.NS,Everest Kanto Cylinder Limited,EQ
EKI,NSE,EKI.NS,EKI Energy Services Limited,EQ
ELANTAS,NSE,ELANTAS.NS,Elantas Beck India Limited,EQ
ELCIDIN,NSE,ELCIDIN.NS,EL CID Investments Limited,EQ
ELDEHSG,NSE,ELDEHSG.NS,Eldeco Housing And Industries Limited,EQ
ELECON,NSE,ELECON.NS,Elecon Engineering Company Limited,EQ
ELECTCAST,NSE,ELECTCAST.NS,Electrosteel Castings Limited,EQ
ELECTHERM,NSE,ELECTHERM.NS,Electrotherm (India) Limited,EQ
ELGIEQUIP,NSE,ELGIEQUIP.NS,Elgi Equipments Limited,EQ
ELGIRUBCO,NSE,ELGIRUBCO.NS,Elgi Rubber Company Limited,EQ
ELIN,NSE,ELIN.NS,Elin Electronics Limited,EQ
ELITECON,NSE,ELITECON.NS,Elitecon International Limited,EQ
ELLEN,NSE,ELLEN.NS,Ellenbarrie Industrial Gases Limited,EQ
ELPROINTL,NSE,ELPROINTL.NS,Elpro International Limited,EQ
EMAMILTD,NSE,EMAMILTD.NS,Emami Limited,EQ
EMAMIPAP,NSE,EMAMIPAP.NS,Emami Paper Mills Limited,BE
EMAMIREAL,NSE,EMAMIREAL.NS,Emami Realty Limited,EQ
EMBDL,NSE,EMBDL.NS,Embassy Developments Limited,EQ
EMCURE,NSE,EMCURE.NS,Emcure Pharmaceuticals Limited,EQ
EMIL,NSE,EMIL.NS,Electronics Mart India Limited,EQ
EMKAY,NSE,EMKAY.NS,Emkay Global Financial Services Limited,EQ
EMMBI,NSE,EMMBI.NS,Emmbi Industries Limited,BE
EMMVEE,NSE,EMMVEE.NS,Emmvee Photovoltaic Power Limited,EQ
EMPIND,NSE,EMPIND.NS,Empire Industries Limited,EQ
EMPOWER,NSE,EMPOWER.NS,Empower India Limited,EQ
EMSLIMITED,NSE,EMSLIMITED.NS,EMS Limited,EQ
EMUDHRA,NSE,EMUDHRA.NS,eMudhra Limited,EQ
ENDURANCE,NSE,ENDURANCE.NS,Endurance Technologies Limited,EQ
ENERGYDEV,NSE,ENERGYDEV.NS,Energy Development Company Limited,EQ
ENGINERSIN,NSE,ENGINERSIN.NS,Engineers India Limited,EQ
ENIL,NSE,ENIL.NS,Entertainment Network (India) Limited,EQ
ENKEIWHEL,NSE,ENKEIWHEL.NS,Enkei Wheels (India) Limited,EQ
ENRIN,NSE,ENRIN.NS,Siemens Energy India Limited,EQ
ENTERO,NSE,ENTERO.NS,Entero Healthcare Solutions Limited,EQ
EPACK,NSE,EPACK.NS,EPACK Durable Limited,EQ
EPACKPEB,NSE,EPACKPEB.NS,EPack Prefab Technologies Limited,EQ
EPIGRAL,NSE,EPIGRAL.NS,Epigral Limited,EQ
EPL,NSE,EPL.NS,EPL Limited,EQ
EQUIPPP,NSE,EQUIPPP.NS,Equippp Social Impact Technologies Limited,BE
EQUITASBNK,NSE,EQUITASBNK.NS,Equitas Small Finance Bank Limited,EQ
ERIS,NSE,ERIS.NS,Eris Lifesciences Limited,EQ
ESABINDIA,NSE,ESABINDIA.NS,Esab India Limited,EQ
ESAFSFB,NSE,ESAFSFB.NS,ESAF Small Finance Bank Limited,BE
ESCORTS,NSE,ESCORTS.NS,Escorts Kubota Limited,EQ
ESDS,NSE,ESDS.NS,ESDS Software Solution Limited,EQ
ESSARSHPNG,NSE,ESSARSHPNG.NS,Essar Shipping Limited,EQ
ESSENTIA,NSE,ESSENTIA.NS,Integra Essentia Limited,EQ
ESTER,NSE,ESTER.NS,Ester Industries Limited,EQ
ETERNAL,NSE,ETERNAL.NS,ETERNAL LIMITED,EQ
ETHOSLTD,NSE,ETHOSLTD.NS,Ethos Limited,EQ
EUREKAFORB,NSE,EUREKAFORB.NS,Eureka Forbes Limited,EQ
EUROBOND,NSE,EUROBOND.NS,Euro Panel Products Limited,EQ
EUROPRATIK,NSE,EUROPRATIK.NS,Euro Pratik Sales Limited,EQ
EUROTEXIND,NSE,EUROTEXIND.NS,Eurotex Industries and Exports Limited,EQ
EVEREADY,NSE,EVEREADY.NS,Eveready Industries India Limited,EQ
EVERESTIND,NSE,EVERESTIND.NS,Everest Industries Limited,BE
EXCELINDUS,NSE,EXCELINDUS.NS,Excel Industries Limited,EQ
EXCELSOFT,NSE,EXCELSOFT.NS,Excelsoft Technologies Limited,EQ
EXICOM,NSE,EXICOM.NS,Exicom Tele-Systems Limited,EQ
EXIDEIND,NSE,EXIDEIND.NS,Exide Industries Limited,EQ
EXPLEOSOL,NSE,EXPLEOSOL.NS,Expleo Solutions Limited,EQ
EXXARO,NSE,EXXARO.NS,Exxaro Tiles Limited,EQ
FABTECH,NSE,FABTECH.NS,Fabtech Technologies Limited,EQ
FACT,NSE,FACT.NS,Fertilizers and Chemicals Travancore Limited,EQ
FAIRCHEMOR,NSE,FAIRCHEMOR.NS,Fairchem Organics Limited,BE
FAZE3Q,NSE,FAZE3Q.NS,Faze Three Limited,EQ
FCL,NSE,FCL.NS,Fineotex Chemical Limited,EQ
FCSSOFT,NSE,FCSSOFT.NS,FCS Software Solutions Limited,EQ
FDC,NSE,FDC.NS,FDC Limited,EQ
FEDDERSHOL,NSE,FEDDERSHOL.NS,Fedders Holding Limited,EQ
FEDERALBNK,NSE,FEDERALBNK.NS,The Federal Bank  Limited,EQ
FEDFINA,NSE,FEDFINA.NS,Fedbank Financial Services Limited,EQ
FEL,NSE,FEL.NS,Future Enterprises Limited,BZ
FELDVR,NSE,FELDVR.NS,Future Enterprises Limited,BZ
FERMENTA,NSE,FERMENTA.NS,Fermenta Biotech Limited,EQ
FIBERWEB,NSE,FIBERWEB.NS,Fiberweb (India) Limited,EQ
FIEMIND,NSE,FIEMIND.NS,Fiem Industries Limited,EQ
FILATEX,NSE,FILATEX.NS,Filatex India Limited,EQ
FILATFASH,NSE,FILATFASH.NS,Filatex Fashions Limited,EQ
FINCABLES,NSE,FINCABLES.NS,Finolex Cables Limited,EQ
FINEORG,NSE,FINEORG.NS,Fine Organic Industries Limited,EQ
FINKURVE,NSE,FINKURVE.NS,Finkurve Financial Services Limited,EQ
FINOPB,NSE,FINOPB.NS,Fino Payments Bank Limited,EQ
FINPIPE,NSE,FINPIPE.NS,Finolex Industries Limited,EQ
FIRSTCRY,NSE,FIRSTCRY.NS,Brainbees Solutions Limited,EQ
FISCHER,NSE,FISCHER.NS,Fischer Medical Ventures Limited,EQ
FIVESTAR,NSE,FIVESTAR.NS,Five-Star Business Finance Limited,EQ
FLAIR,NSE,FLAIR.NS,Flair Writing Industries Limited,EQ
FLEXITUFF,NSE,FLEXITUFF.NS,Flexituff Ventures International Limited,BE
FLFL,NSE,FLFL.NS,Future Lifestyle Fashions Limited,BZ
FLUOROCHEM,NSE,FLUOROCHEM.NS,Gujarat Fluorochemicals Limited,EQ
FMGOETZE,NSE,FMGOETZE.NS,Federal-Mogul Goetze (India) Limited.,EQ
FMNL,NSE,FMNL.NS,Future Market Networks Limited,EQ
FOCUS,NSE,FOCUS.NS,Focus Lighting and Fixtures Limited,BE
FOODSIN,NSE,FOODSIN.NS,Foods & Inns Limited,EQ
FORCEMOT,NSE,FORCEMOT.NS,FORCE MOTORS LTD,EQ
FORTIS,NSE,FORTIS.NS,Fortis Healthcare Limited,EQ
FOSECOIND,NSE,FOSECOIND.NS,Foseco India Limited,EQ
FRACTAL,NSE,FRACTAL.NS,Fractal Analytics Limited,EQ
FREDUN,NSE,FREDUN.NS,Fredun Pharmaceuticals Limited,EQ
FRONTSP,NSE,FRONTSP.NS,Frontier Springs Limited,EQ
FSL,NSE,FSL.NS,Firstsource Solutions Limited,EQ
FUSION,NSE,FUSION.NS,Fusion Finance Limited,EQ
GABRIEL,NSE,GABRIEL.NS,Gabriel India Limited,EQ
GAEL,NSE,GAEL.NS,Gujarat Ambuja Exports Limited,EQ
GAIL,NSE,GAIL.NS,GAIL (India) Limited,EQ
GAJA,NSE,GAJA.NS,Gaja Alternative Asset Management Limited,EQ
GALAPREC,NSE,GALAPREC.NS,Gala Precision Engineering Limited,EQ
GALAXYSURF,NSE,GALAXYSURF.NS,Galaxy Surfactants Limited,EQ
GALLANTT,NSE,GALLANTT.NS,Gallantt Ispat Limited,EQ
GANDHAR,NSE,GANDHAR.NS,Gandhar Oil Refinery (India) Limited,EQ
GANDHITUBE,NSE,GANDHITUBE.NS,Gandhi Special Tubes Limited,EQ
GANECOS,NSE,GANECOS.NS,Ganesha Ecosphere Limited,EQ
GANESHBE,NSE,GANESHBE.NS,Ganesh Benzoplast Limited,BE
GANESHCP,NSE,GANESHCP.NS,Ganesh Consumer Products Limited,EQ
GANESHHOU,NSE,GANESHHOU.NS,GANESH HOUSING LIMITED,EQ
GANGAFORGE,NSE,GANGAFORGE.NS,Ganga Forging Limited,EQ
GANGESSECU,NSE,GANGESSECU.NS,Ganges Securities Limited,EQ
GARFIBRES,NSE,GARFIBRES.NS,Garware Technical Fibres Limited,EQ
GARUDA,NSE,GARUDA.NS,Garuda Construction and Engineering Limited,EQ
GATECH,NSE,GATECH.NS,GACM Technologies Limited,BE
GATECHDVR,NSE,GATECHDVR.NS,GACM Technologies Limited,BE
GATEWAY,NSE,GATEWAY.NS,Gateway Distriparks Limited,EQ
GAUDIUMIVF,NSE,GAUDIUMIVF.NS,Gaudium IVF and Women Health Limited,EQ
GAYAHWS,NSE,GAYAHWS.NS,Gayatri Highways Limited,EQ
GAYAPROJ,NSE,GAYAPROJ.NS,Gayatri Projects Limited,EQ
GCSL,NSE,GCSL.NS,Gretex Corporate Services Limited,EQ
GEECEE,NSE,GEECEE.NS,GeeCee Ventures Limited,BE
GEEKAYWIRE,NSE,GEEKAYWIRE.NS,Geekay Wires Limited,EQ
GEMAROMA,NSE,GEMAROMA.NS,Gem Aromatics Limited,EQ
GENCON,NSE,GENCON.NS,Generic Engineering Construction and Projects Limited,EQ
GENESYS,NSE,GENESYS.NS,Genesys International Corporation Limited,EQ
GENSOL,NSE,GENSOL.NS,Gensol Engineering Limited,BZ
GENUSPAPER,NSE,GENUSPAPER.NS,Genus Paper & Boards Limited,EQ
GENUSPOWER,NSE,GENUSPOWER.NS,Genus Power Infrastructures Limited,EQ
GEOJITFSL,NSE,GEOJITFSL.NS,Geojit Financial Services Limited,EQ
GESHIP,NSE,GESHIP.NS,The Great Eastern Shipping Company Limited,EQ
GFLLIMITED,NSE,GFLLIMITED.NS,GFL Limited,EQ
GFSTEELS,NSE,GFSTEELS.NS,Grand Foundry Limited,BE
GHCL,NSE,GHCL.NS,GHCL Limited,EQ
GHCLTEXTIL,NSE,GHCLTEXTIL.NS,GHCL Textiles Limited,EQ
GICHSGFIN,NSE,GICHSGFIN.NS,GIC Housing Finance Limited,EQ
GICL,NSE,GICL.NS,Globe International Carriers Limited,BE
GICRE,NSE,GICRE.NS,General Insurance Corporation of India,EQ
GILLANDERS,NSE,GILLANDERS.NS,Gillanders Arbuthnot & Company Limited,EQ
GILLETTE,NSE,GILLETTE.NS,Gillette India Limited,EQ
GINNIFILA,NSE,GINNIFILA.NS,Ginni Filaments Limited,BE
GIPCL,NSE,GIPCL.NS,Gujarat Industries Power Company Limited,EQ
GKB,NSE,GKB.NS,GKB Ophthalmics Limited,EQ
GKENERGY,NSE,GKENERGY.NS,GK Energy Limited,EQ
GKSL,NSE,GKSL.NS,Gujarat Kidney And Super Speciality Limited,EQ
GKWLIMITED,NSE,GKWLIMITED.NS,GKW Limited,EQ
GLAND,NSE,GLAND.NS,Gland Pharma Limited,EQ
GLASSWALL,NSE,GLASSWALL.NS,Glass Wall Systems (India) Limited,EQ
GLAXO,NSE,GLAXO.NS,GlaxoSmithKline Pharmaceuticals Limited,EQ
GLENMARK,NSE,GLENMARK.NS,Glenmark Pharmaceuticals Limited,EQ
GLFL,NSE,GLFL.NS,Gujarat Lease Financing Limited,EQ
GLOBAL,NSE,GLOBAL.NS,Global Education Limited,EQ
GLOBALE,NSE,GLOBALE.NS,Globale Tessile Limited,EQ
GLOBALVECT,NSE,GLOBALVECT.NS,Global Vectra Helicorp Limited,EQ
GLOBE,NSE,GLOBE.NS,GLOBE ENTERPRISES (INDIA) LIMITED,EQ
GLOBECIVIL,NSE,GLOBECIVIL.NS,Globe Civil Projects Limited,EQ
GLOBUSSPR,NSE,GLOBUSSPR.NS,Globus Spirits Limited,EQ
GLOSTERLTD,NSE,GLOSTERLTD.NS,Gloster Limited,EQ
GLOTTIS,NSE,GLOTTIS.NS,Glottis Limited,EQ
GMBREW,NSE,GMBREW.NS,GM Breweries Limited,EQ
GMDCLTD,NSE,GMDCLTD.NS,Gujarat Mineral Development Corporation Limited,EQ
GMMPFAUDLR,NSE,GMMPFAUDLR.NS,GMM Pfaudler Limited,EQ
GMRAIRPORT,NSE,GMRAIRPORT.NS,GMR AIRPORTS LIMITED,EQ
GMRP&UI,NSE,GMRP&UI.NS,GMR Power and Urban Infra Limited,EQ
GNA,NSE,GNA.NS,GNA Axles Limited,EQ
GNFC,NSE,GNFC.NS,Gujarat Narmada Valley Fertilizers and Chemicals Limited,EQ
GNRL,NSE,GNRL.NS,Gujarat Natural Resources Limited,EQ
GOACARBON,NSE,GOACARBON.NS,Goa Carbon Limited,EQ
GOCLCORP,NSE,GOCLCORP.NS,GOCL Corporation Limited,EQ
GOCOLORS,NSE,GOCOLORS.NS,Go Fashion (India) Limited,EQ
GODAVARIB,NSE,GODAVARIB.NS,Godavari Biorefineries Limited,EQ
GODFRYPHLP,NSE,GODFRYPHLP.NS,Godfrey Phillips India Limited,EQ
GODIGIT,NSE,GODIGIT.NS,Go Digit General Insurance Limited,EQ
GODREJAGRO,NSE,GODREJAGRO.NS,Godrej Agrovet Limited,EQ
GODREJCP,NSE,GODREJCP.NS,Godrej Consumer Products Limited,EQ
GODREJIND,NSE,GODREJIND.NS,Godrej Industries Limited,EQ
GODREJPROP,NSE,GODREJPROP.NS,Godrej Properties Limited,EQ
GOKEX,NSE,GOKEX.NS,Gokaldas Exports Limited,EQ
GOKUL,NSE,GOKUL.NS,Gokul Refoils and Solvent Limited,EQ
GOKULAGRO,NSE,GOKULAGRO.NS,Gokul Agro Resources Limited,EQ
GOLDENTOBC,NSE,GOLDENTOBC.NS,Golden Tobacco Limited,BZ
GOLDIAM,NSE,GOLDIAM.NS,Goldiam International Limited,EQ
GOLDTECH,NSE,GOLDTECH.NS,AION-TECH SOLUTIONS LIMITED,BE
GOODLUCK,NSE,GOODLUCK.NS,Goodluck India Limited,EQ
GOODYEAR,NSE,GOODYEAR.NS,Goodyear India Limited,EQ
GOPAL,NSE,GOPAL.NS,Gopal Snacks Limited,EQ
GOYALALUM,NSE,GOYALALUM.NS,Goyal Aluminiums Limited,EQ
GPIL,NSE,GPIL.NS,Godawari Power And Ispat limited,EQ
GPPL,NSE,GPPL.NS,Gujarat Pipavav Port Limited,EQ
GPTHEALTH,NSE,GPTHEALTH.NS,GPT Healthcare Limited,EQ
GPTINFRA,NSE,GPTINFRA.NS,GPT Infraprojects Limited,EQ
GRADIENTE,NSE,GRADIENTE.NS,Gradiente Infotainment Limited,BE
GRANDOAK,NSE,GRANDOAK.NS,Grand Oak Canyons Distillery Limited,EQ
GRANULES,NSE,GRANULES.NS,Granules India Limited,EQ
GRAPHITE,NSE,GRAPHITE.NS,Graphite India Limited,EQ
GRASIM,NSE,GRASIM.NS,Grasim Industries Limited,EQ
GRAUWEIL,NSE,GRAUWEIL.NS,Grauer & Weil India Limited,EQ
GRAVISSHO,NSE,GRAVISSHO.NS,Graviss Hospitality Limited,BE
GRAVITA,NSE,GRAVITA.NS,Gravita India Limited,EQ
GREAVESCOT,NSE,GREAVESCOT.NS,Greaves Cotton Limited,EQ
GREENLAM,NSE,GREENLAM.NS,Greenlam Industries Limited,EQ
GREENPANEL,NSE,GREENPANEL.NS,Greenpanel Industries Limited,EQ
GREENPLY,NSE,GREENPLY.NS,Greenply Industries Limited,EQ
GREENPOWER,NSE,GREENPOWER.NS,Orient Green Power Company Limited,EQ
GRINDWELL,NSE,GRINDWELL.NS,Grindwell Norton Limited,EQ
GRINFRA,NSE,GRINFRA.NS,G R Infraprojects Limited,EQ
GRMOVER,NSE,GRMOVER.NS,GRM Overseas Limited,EQ
GROBTEA,NSE,GROBTEA.NS,The Grob Tea Company Limited,EQ
GROWW,NSE,GROWW.NS,Billionbrains Garage Ventures Limited,EQ
GRPLTD,NSE,GRPLTD.NS,GRP Limited,EQ
GRSE,NSE,GRSE.NS,Garden Reach Shipbuilders & Engineers Limited,EQ
GRWRHITECH,NSE,GRWRHITECH.NS,Garware Hi-Tech Films Limited,EQ
GSFC,NSE,GSFC.NS,Gujarat State Fertilizers & Chemicals Limited,EQ
GSLSU,NSE,GSLSU.NS,Global Surfaces Limited,EQ
GSPCROP,NSE,GSPCROP.NS,GSP Crop Science Limited,EQ
GSS,NSE,GSS.NS,GSS Infotech Limited,EQ
GTECJAINX,NSE,GTECJAINX.NS,G-TEC JAINX EDUCATION LIMITED,EQ
GTL,NSE,GTL.NS,GTL Limited,EQ
GTLINFRA,NSE,GTLINFRA.NS,GTL Infrastructure Limited,EQ
GTPL,NSE,GTPL.NS,GTPL Hathway Limited,EQ
GUFICBIO,NSE,GUFICBIO.NS,Gufic Biosciences Limited,EQ
GUJALKALI,NSE,GUJALKALI.NS,Gujarat Alkalies and Chemicals Limited,EQ
GUJAPOLLO,NSE,GUJAPOLLO.NS,Gujarat Apollo Industries Limited,EQ
GUJENERGY,NSE,GUJENERGY.NS,GUJARAT ENERGY LIMITED,EQ
GUJRAFFIA,NSE,GUJRAFFIA.NS,Gujarat Raffia Industries Limited,EQ
GUJTHEM,NSE,GUJTHEM.NS,Gujarat Themis Biosyn Limited,EQ
GULFOILLUB,NSE,GULFOILLUB.NS,Gulf Oil Lubricants India Limited,EQ
GULFPETRO,NSE,GULFPETRO.NS,GP Petroleums Limited,BE
GULPOLY,NSE,GULPOLY.NS,Gulshan Polyols Limited,EQ
GVKPIL,NSE,GVKPIL.NS,GVK Power & Infrastructure Limited,BE
GVPIL,NSE,GVPIL.NS,GE Power India Limited,EQ
GVPTECH,NSE,GVPTECH.NS,GVP Infotech Limited,BE
GVT&D,NSE,GVT&D.NS,GE Vernova T&D India Limited,EQ
GYFTR,NSE,GYFTR.NS,Gyftr Limited,EQ
HAL,NSE,HAL.NS,Hindustan Aeronautics Limited,EQ
HALDER,NSE,HALDER.NS,Halder Venture Limited,EQ
HALDYNGL,NSE,HALDYNGL.NS,Haldyn Glass Limited,EQ
HALEOSLABS,NSE,HALEOSLABS.NS,HALEOS LABS LIMITED,EQ
HAMPTON,NSE,HAMPTON.NS,Hampton Sky Realty Limited,EQ
HAPPSTMNDS,NSE,HAPPSTMNDS.NS,Happiest Minds Technologies Limited,EQ
HAPPYFORGE,NSE,HAPPYFORGE.NS,Happy Forgings Limited,EQ
HARDWYN,NSE,HARDWYN.NS,Hardwyn India Limited,EQ
HARIOMPIPE,NSE,HARIOMPIPE.NS,Hariom Pipe Industries Limited,EQ
HARRMALAYA,NSE,HARRMALAYA.NS,Harrisons  Malayalam Limited,EQ
HARSHA,NSE,HARSHA.NS,Harsha Engineers International Limited,EQ
HATHWAY,NSE,HATHWAY.NS,Hathway Cable & Datacom Limited,EQ
HATSUN,NSE,HATSUN.NS,Hatsun Agro Product Limited,EQ
HAVELLS,NSE,HAVELLS.NS,Havells India Limited,EQ
HAVISHA,NSE,HAVISHA.NS,Sri Havisha Hospitality and Infrastructure Limited,EQ
HAWKINCOOK,NSE,HAWKINCOOK.NS,Hawkins Cookers Limited,EQ
HAZOOR,NSE,HAZOOR.NS,Hazoor Multi Projects Limited,EQ
HBESD,NSE,HBESD.NS,HB Estate Developers Limited,EQ
HBLENGINE,NSE,HBLENGINE.NS,HBL Engineering Limited,EQ
HBPOR,NSE,HBPOR.NS,HB Portfolio Limited,EQ
HBSL,NSE,HBSL.NS,HB Stockholdings Limited,EQ
HCC,NSE,HCC.NS,Hindustan Construction Company Limited,EQ
HCG,NSE,HCG.NS,Healthcare Global Enterprises Limited,EQ
HCL-INSYS,NSE,HCL-INSYS.NS,HCL Infosystems Limited,EQ
HCLTECH,NSE,HCLTECH.NS,HCL Technologies Limited,EQ
HDBFS,NSE,HDBFS.NS,HDB Financial Services Limited,EQ
HDFCAMC,NSE,HDFCAMC.NS,HDFC Asset Management Company Limited,EQ
HDFCBANK,NSE,HDFCBANK.NS,HDFC Bank Limited,EQ
HDFCLIFE,NSE,HDFCLIFE.NS,HDFC Life Insurance Company Limited,EQ
HDIL,NSE,HDIL.NS,Housing Development and Infrastructure Limited,BZ
HEADSUP,NSE,HEADSUP.NS,Heads UP Ventures Limited,EQ
HEALTHX,NSE,HEALTHX.NS,Health X Platform Limited,EQ
HECPROJECT,NSE,HECPROJECT.NS,HEC Infra Projects Limited,EQ
HEGAM,NSE,HEGAM.NS,HEG Advanced Materials Limited,EQ
HEIDELBERG,NSE,HEIDELBERG.NS,HeidelbergCement India Limited,EQ
HEMIPROP,NSE,HEMIPROP.NS,Hemisphere Properties India Limited,EQ
HERANBA,NSE,HERANBA.NS,Heranba Industries Limited,EQ
HERITGFOOD,NSE,HERITGFOOD.NS,Heritage Foods Limited,EQ
HEROMOTOCO,NSE,HEROMOTOCO.NS,Hero MotoCorp Limited,EQ
HEROMOTORS,NSE,HEROMOTORS.NS,Hero Motors Limited,EQ
HESTERBIO,NSE,HESTERBIO.NS,Hester Biosciences Limited,EQ
HEXAGON,NSE,HEXAGON.NS,Hexagon Nutrition Limited,BE
HEXATRADEX,NSE,HEXATRADEX.NS,Hexa Tradex Limited,EQ
HEXT,NSE,HEXT.NS,Hexaware Technologies Limited,EQ
HFCL,NSE,HFCL.NS,HFCL Limited,BE
HGINFRA,NSE,HGINFRA.NS,H.G. Infra Engineering Limited,EQ
HGM,NSE,HGM.NS,HandsOn Global Management (HGM) Limited,EQ
HGS,NSE,HGS.NS,Hinduja Global Solutions Limited,EQ
HIKAL,NSE,HIKAL.NS,Hikal Limited,EQ
HILINFRA,NSE,HILINFRA.NS,Highway Infrastructure Limited,EQ
HILTON,NSE,HILTON.NS,Hilton Metal Forging Limited,EQ
HIMATSEIDE,NSE,HIMATSEIDE.NS,Himatsingka Seide Limited,EQ
HINDADH,NSE,HINDADH.NS,Hindustan Adhesives Limited,EQ
HINDALCO,NSE,HINDALCO.NS,Hindalco Industries Limited,EQ
HINDALUMI,NSE,HINDALUMI.NS,Hind Aluminium Industries Limited,EQ
HINDCOMPOS,NSE,HINDCOMPOS.NS,Hindustan Composites Limited,EQ
HINDCON,NSE,HINDCON.NS,Hindcon Chemicals Limited,EQ
HINDCOPPER,NSE,HINDCOPPER.NS,Hindustan Copper Limited,EQ
HINDOILEXP,NSE,HINDOILEXP.NS,Hindustan Oil Exploration Company Limited,EQ
HINDPETRO,NSE,HINDPETRO.NS,Hindustan Petroleum Corporation Limited,EQ
HINDUNILVR,NSE,HINDUNILVR.NS,Hindustan Unilever Limited,EQ
HINDWAREAP,NSE,HINDWAREAP.NS,Hindware Home Innovation Limited,EQ
HINDZINC,NSE,HINDZINC.NS,Hindustan Zinc Limited,EQ
HIRECT,NSE,HIRECT.NS,Hirect Limited,EQ
HISARMETAL,NSE,HISARMETAL.NS,Hisar Metal Industries Limited,EQ
HITECH,NSE,HITECH.NS,Hi-Tech Pipes Limited,EQ
HITECHCORP,NSE,HITECHCORP.NS,Hitech Corporation Limited,BE
HITECHGEAR,NSE,HITECHGEAR.NS,The Hi-Tech Gears Limited,BE
HLEGLAS,NSE,HLEGLAS.NS,HLE Glascoat Limited,EQ
HLVLTD,NSE,HLVLTD.NS,HLV LIMITED,EQ
HMAAGRO,NSE,HMAAGRO.NS,HMA Agro Industries Limited,EQ
HMT,NSE,HMT.NS,HMT Limited,BZ
HMVL,NSE,HMVL.NS,Hindustan Media Ventures Limited,BE
HNDFDS,NSE,HNDFDS.NS,Hindustan Foods Limited,EQ
HOMEFIRST,NSE,HOMEFIRST.NS,Home First Finance Company India Limited,EQ
HONASA,NSE,HONASA.NS,Honasa Consumer Limited,EQ
HONAUT,NSE,HONAUT.NS,Honeywell Automation India Limited,EQ
HONDAPOWER,NSE,HONDAPOWER.NS,Honda India Power Products Limited,EQ
HORIZONIND,NSE,HORIZONIND.NS,Horizon Industrial Parks Limited,EQ
HPAL,NSE,HPAL.NS,HP Adhesives Limited,EQ
HPIL,NSE,HPIL.NS,Hindprakash Industries Limited,EQ
HPL,NSE,HPL.NS,HPL Electric & Power Limited,EQ
HRYNSHP,NSE,HRYNSHP.NS,Hariyana Ship Breakers Limited,EQ
HSCL,NSE,HSCL.NS,Himadri Speciality Chemical Limited,EQ
HTEL,NSE,HTEL.NS,Hy-Tech Engineers Limited,EQ
HTMEDIA,NSE,HTMEDIA.NS,HT Media Limited,EQ
HUBTOWN,NSE,HUBTOWN.NS,Hubtown Limited,EQ
HUDCO,NSE,HUDCO.NS,Housing & Urban Development Corporation Limited,EQ
HUHTAMAKI,NSE,HUHTAMAKI.NS,Huhtamaki India Limited,EQ
HYBRIDFIN,NSE,HYBRIDFIN.NS,Hybrid Financial Services Limited,EQ
HYUNDAI,NSE,HYUNDAI.NS,Hyundai Motor India Limited,EQ
IBULLSLTD,NSE,IBULLSLTD.NS,Indiabulls Limited,EQ
ICDSLTD,NSE,ICDSLTD.NS,ICDS Limited,BE
ICEMAKE,NSE,ICEMAKE.NS,Ice Make Refrigeration Limited,EQ
ICICIAMC,NSE,ICICIAMC.NS,ICICI Prudential Asset Management Company Limited,EQ
ICICIBANK,NSE,ICICIBANK.NS,ICICI Bank Limited,EQ
ICICIGI,NSE,ICICIGI.NS,ICICI Lombard General Insurance Company Limited,EQ
ICICIPRULI,NSE,ICICIPRULI.NS,ICICI Prudential Life Insurance Company Limited,EQ
ICIL,NSE,ICIL.NS,Indo Count Industries Limited,EQ
ICRA,NSE,ICRA.NS,ICRA Limited,EQ
IDBI,NSE,IDBI.NS,IDBI Bank Limited,EQ
IDEA,NSE,IDEA.NS,Vodafone Idea Limited,EQ
IDEAFORGE,NSE,IDEAFORGE.NS,Ideaforge Technology Limited,EQ
IDFCFIRSTB,NSE,IDFCFIRSTB.NS,IDFC First Bank Limited,EQ
IEX,NSE,IEX.NS,Indian Energy Exchange Limited,EQ
IFBAGRO,NSE,IFBAGRO.NS,IFB Agro Industries Limited,EQ
IFBIND,NSE,IFBIND.NS,IFB Industries Limited,EQ
IFCI,NSE,IFCI.NS,IFCI Limited,EQ
IFGLEXPOR,NSE,IFGLEXPOR.NS,IFGL Refractories Limited,EQ
IGARASHI,NSE,IGARASHI.NS,Igarashi Motors India Limited,EQ
IGCL,NSE,IGCL.NS,Indogulf Cropsciences Limited,EQ
IGIL,NSE,IGIL.NS,International Gemological Institute Limited,EQ
IGL,NSE,IGL.NS,Indraprastha Gas Limited,EQ
IGPL,NSE,IGPL.NS,IG Petrochemicals Limited,EQ
IIFL,NSE,IIFL.NS,IIFL Finance Limited,EQ
IIFLCAPS,NSE,IIFLCAPS.NS,IIFL Capital Services Limited,EQ
IITL,NSE,IITL.NS,Industrial Investment Trust Limited,EQ
IKIO,NSE,IKIO.NS,IKIO Technologies Limited,EQ
IKS,NSE,IKS.NS,Inventurus Knowledge Solutions Limited,EQ
IL&FSENGG,NSE,IL&FSENGG.NS,IL&FS Engineering and Construction Company Limited,BZ
IL&FSTRANS,NSE,IL&FSTRANS.NS,IL&FS Transportation Networks Limited,BZ
IMAGICAA,NSE,IMAGICAA.NS,Imagicaaworld Entertainment Limited,EQ
IMFA,NSE,IMFA.NS,Indian Metals & Ferro Alloys Limited,EQ
IMPAL,NSE,IMPAL.NS,India Motor Parts and Accessories Limited,EQ
IMPEXFERRO,NSE,IMPEXFERRO.NS,Impex Ferro Tech Limited,BZ
INA,NSE,INA.NS,Insolation Energy Limited,EQ
INCREDIBLE,NSE,INCREDIBLE.NS,INCREDIBLE INDUSTRIES LIMITED,EQ
INDBANK,NSE,INDBANK.NS,Indbank Merchant Banking Services Limited,EQ
INDGN,NSE,INDGN.NS,Indegene Limited,EQ
INDHOTEL,NSE,INDHOTEL.NS,The Indian Hotels Company Limited,EQ
INDIACEM,NSE,INDIACEM.NS,The India Cements Limited,EQ
INDIAGLYCO,NSE,INDIAGLYCO.NS,India Glycols Limited,EQ
INDIAMART,NSE,INDIAMART.NS,Indiamart Intermesh Limited,EQ
INDIANB,NSE,INDIANB.NS,Indian Bank,EQ
INDIANCARD,NSE,INDIANCARD.NS,Indian Card Clothing Company Limited,EQ
INDIANHUME,NSE,INDIANHUME.NS,Indian Hume Pipe Company Limited,EQ
INDIASHLTR,NSE,INDIASHLTR.NS,India Shelter Finance Corporation Limited,EQ
INDIGO,NSE,INDIGO.NS,InterGlobe Aviation Limited,EQ
INDIGOPNTS,NSE,INDIGOPNTS.NS,Indigo Paints Limited,EQ
INDIQUBE,NSE,INDIQUBE.NS,Indiqube Spaces Limited,EQ
INDNIPPON,NSE,INDNIPPON.NS,India Nippon Electricals Limited,EQ
INDOAMIN,NSE,INDOAMIN.NS,Indo Amines Limited,EQ
INDOBORAX,NSE,INDOBORAX.NS,Indo Borax & Chemicals Limited,EQ
INDOCO,NSE,INDOCO.NS,Indoco Remedies Limited,EQ
INDOFARM,NSE,INDOFARM.NS,Indo Farm Equipment Limited,EQ
INDOKEM,NSE,INDOKEM.NS,Indokem Limited,EQ
INDOMIM,NSE,INDOMIM.NS,INDO-MIM Limited,EQ
INDORAMA,NSE,INDORAMA.NS,Indo Rama Synthetics (India) Limited,EQ
INDOSTAR,NSE,INDOSTAR.NS,IndoStar Capital Finance Limited,EQ
INDOTECH,NSE,INDOTECH.NS,Indo Tech Transformers Limited,EQ
INDOTHAI,NSE,INDOTHAI.NS,Indo Thai Securities Limited,EQ
INDOUS,NSE,INDOUS.NS,Indo Us Biotech Limited,EQ
INDOWIND,NSE,INDOWIND.NS,Indowind Energy Limited,EQ
INDPRUD,NSE,INDPRUD.NS,Industrial & Prudential Investment Company Limited,EQ
INDRAMEDCO,NSE,INDRAMEDCO.NS,Indraprastha Medical Corporation Limited,EQ
INDSWFTLAB,NSE,INDSWFTLAB.NS,Ind-Swift Laboratories Limited,EQ
INDTERRAIN,NSE,INDTERRAIN.NS,Indian Terrain Fashions Limited,EQ
INDUSINDBK,NSE,INDUSINDBK.NS,IndusInd Bank Limited,EQ
INDUSTOWER,NSE,INDUSTOWER.NS,Indus Towers Limited,EQ
INFOBEAN,NSE,INFOBEAN.NS,InfoBeans Technologies Limited,EQ
INFOMEDIA,NSE,INFOMEDIA.NS,Infomedia Press Limited,EQ
INFY,NSE,INFY.NS,Infosys Limited,EQ
INGERRAND,NSE,INGERRAND.NS,Ingersoll Rand (India) Limited,EQ
INNOVACAP,NSE,INNOVACAP.NS,Innova Captab Limited,EQ
INNOVANA,NSE,INNOVANA.NS,Innovana Thinklabs Limited,EQ
INNOVISION,NSE,INNOVISION.NS,Innovision Limited,EQ
INOXGREEN,NSE,INOXGREEN.NS,Inox Green Energy Services Limited,EQ
INOXINDIA,NSE,INOXINDIA.NS,INOX India Limited,EQ
INOXWIND,NSE,INOXWIND.NS,Inox Wind Limited,EQ
INSECTICID,NSE,INSECTICID.NS,Insecticides (India) Limited,EQ
INSPIRISYS,NSE,INSPIRISYS.NS,Inspirisys Solutions Limited,EQ
INTELLECT,NSE,INTELLECT.NS,Intellect Design Arena Limited,EQ
INTENTECH,NSE,INTENTECH.NS,Intense Technologies Limited,EQ
INTERARCH,NSE,INTERARCH.NS,Interarch Building Solutions Limited,EQ
INTLCONV,NSE,INTLCONV.NS,International Conveyors Limited,EQ
INVENTURE,NSE,INVENTURE.NS,Inventure Growth & Securities Limited,EQ
INVPRECQ,NSE,INVPRECQ.NS,Investment & Precision Castings Limited,BE
IOB,NSE,IOB.NS,Indian Overseas Bank,EQ
IOC,NSE,IOC.NS,Indian Oil Corporation Limited,EQ
IOLCP,NSE,IOLCP.NS,IOL Chemicals and Pharmaceuticals Limited,EQ
IONEXCHANG,NSE,IONEXCHANG.NS,ION Exchange (India) Limited,EQ
IPCALAB,NSE,IPCALAB.NS,IPCA Laboratories Limited,EQ
IPL,NSE,IPL.NS,India Pesticides Limited,EQ
IPRINGLTD,NSE,IPRINGLTD.NS,IP Rings Limited,EQ
IRB,NSE,IRB.NS,IRB Infrastructure Developers Limited,EQ
IRCON,NSE,IRCON.NS,Ircon International Limited,EQ
IRCTC,NSE,IRCTC.NS,Indian Railway Catering And Tourism Corporation Limited,EQ
IREDA,NSE,IREDA.NS,Indian Renewable Energy Development Agency Limited,EQ
IRFC,NSE,IRFC.NS,Indian Railway Finance Corporation Limited,EQ
IRIS,NSE,IRIS.NS,IRIS RegTech Solutions Limited,EQ
IRISDOREME,NSE,IRISDOREME.NS,Iris Clothings Limited,EQ
IRMENERGY,NSE,IRMENERGY.NS,IRM Energy Limited,EQ
ISFT,NSE,ISFT.NS,Intrasoft Technologies Limited,BE
ISGEC,NSE,ISGEC.NS,Isgec Heavy Engineering Limited,EQ
ISHANCH,NSE,ISHANCH.NS,Ishan Dyes and Chemicals Limited,EQ
ISTLTD,NSE,ISTLTD.NS,I S T Limited,EQ
ITC,NSE,ITC.NS,ITC Limited,EQ
ITCHOTELS,NSE,ITCHOTELS.NS,ITC Hotels Limited,EQ
ITDC,NSE,ITDC.NS,India Tourism Development Corporation Limited,EQ
ITI,NSE,ITI.NS,ITI Limited,EQ
ITL,NSE,ITL.NS,ITL Industries Limited,EQ
IVALUE,NSE,IVALUE.NS,Ivalue Infosolutions Limited,EQ
IVC,NSE,IVC.NS,IL&FS Investment Managers Limited,EQ
IVP,NSE,IVP.NS,IVP Limited,BE
IWP,NSE,IWP.NS,The Indian Wood Products Company Limited,EQ
IXIGO,NSE,IXIGO.NS,Le Travenues Technology Limited,EQ
IZMO,NSE,IZMO.NS,IZMO Limited,EQ
J&KBANK,NSE,J&KBANK.NS,The Jammu & Kashmir Bank Limited,EQ
JAGRAN,NSE,JAGRAN.NS,Jagran Prakashan Limited,EQ
JAGSNPHARM,NSE,JAGSNPHARM.NS,Jagsonpal Pharmaceuticals Limited,EQ
JAIBALAJI,NSE,JAIBALAJI.NS,Jai Balaji Industries Limited,EQ
JAICORPLTD,NSE,JAICORPLTD.NS,Jai Corp Limited,EQ
JAINREC,NSE,JAINREC.NS,Jain Resource Recycling Limited,EQ
JAIPURKURT,NSE,JAIPURKURT.NS,Nandani Creation Limited,EQ
JAMNAAUTO,NSE,JAMNAAUTO.NS,Jamna Auto Industries Limited,EQ
JARO,NSE,JARO.NS,Jaro Institute of Technology Management and Research Limited,EQ
JASH,NSE,JASH.NS,Jash Engineering Limited,EQ
JAYAGROGN,NSE,JAYAGROGN.NS,Jayant Agro Organics Limited,EQ
JAYBARMARU,NSE,JAYBARMARU.NS,Jay Bharat Maruti Limited,EQ
JAYKAY,NSE,JAYKAY.NS,Jaykay Enterprises Limited,EQ
JAYNECOIND,NSE,JAYNECOIND.NS,Jayaswal Neco Industries Limited,EQ
JAYSREETEA,NSE,JAYSREETEA.NS,Jayshree Tea & Industries Limited,EQ
JBMA,NSE,JBMA.NS,JBM Auto Limited,EQ
JENBURPH,NSE,JENBURPH.NS,Jenburkt Pharmaceuticals Limited,EQ
JETFREIGHT,NSE,JETFREIGHT.NS,Jet Freight Logistics Limited,EQ
JGCHEM,NSE,JGCHEM.NS,J.G.Chemicals Limited,EQ
JHS,NSE,JHS.NS,JHS Svendgaard Laboratories Limited,EQ
JINDALPHOT,NSE,JINDALPHOT.NS,Jindal Photo Limited,EQ
JINDALPOLY,NSE,JINDALPOLY.NS,Jindal Poly Films Limited,EQ
JINDALSAW,NSE,JINDALSAW.NS,Jindal Saw Limited,EQ
JINDALSTEL,NSE,JINDALSTEL.NS,JINDAL STEEL LIMITED,EQ
JINDRILL,NSE,JINDRILL.NS,Jindal Drilling And Industries Limited,EQ
JINDWORLD,NSE,JINDWORLD.NS,Jindal Worldwide Limited,EQ
JIOFIN,NSE,JIOFIN.NS,Jio Financial Services Limited,EQ
JISLDVREQS,NSE,JISLDVREQS.NS,Jain Irrigation Systems Limited,EQ
JISLJALEQS,NSE,JISLJALEQS.NS,Jain Irrigation Systems Limited,EQ
JITFINFRA,NSE,JITFINFRA.NS,JITF Infralogistics Limited,EQ
JKCEMENT,NSE,JKCEMENT.NS,JK Cement Limited,EQ
JKIL,NSE,JKIL.NS,J.Kumar Infraprojects Limited,EQ
JKIPL,NSE,JKIPL.NS,Jinkushal Industries Limited,EQ
JKLAKSHMI,NSE,JKLAKSHMI.NS,JK Lakshmi Cement Limited,EQ
JKPAPER,NSE,JKPAPER.NS,JK Paper Limited,EQ
JKTYRE,NSE,JKTYRE.NS,JK Tyre & Industries Limited,EQ
JLHL,NSE,JLHL.NS,Jupiter Life Line Hospitals Limited,EQ
JMA,NSE,JMA.NS,Jullundur Motor Agency (Delhi) Limited,EQ
JMFINANCIL,NSE,JMFINANCIL.NS,JM Financial Limited,EQ
JNKINDIA,NSE,JNKINDIA.NS,JNK India Limited,EQ
JNPR,NSE,JNPR.NS,Juniper Green Energy Limited,EQ
JOCIL,NSE,JOCIL.NS,Jocil Limited,EQ
JPOLYINVST,NSE,JPOLYINVST.NS,Jindal Poly Investment and Finance Company Limited,EQ
JPPOWER,NSE,JPPOWER.NS,Jaiprakash Power Ventures Limited,EQ
JSFB,NSE,JSFB.NS,Jana Small Finance Bank Limited,EQ
JSIPL,NSE,JSIPL.NS,Jindal Supreme (India) Limited,BE
JSL,NSE,JSL.NS,Jindal Stainless Limited,EQ
JSLL,NSE,JSLL.NS,Jeena Sikho Lifecare Limited,EQ
JSWCEMENT,NSE,JSWCEMENT.NS,JSW Cement Limited,EQ
JSWDULUX,NSE,JSWDULUX.NS,JSW Dulux Limited,EQ
JSWENERGY,NSE,JSWENERGY.NS,JSW Energy Limited,EQ
JSWHL,NSE,JSWHL.NS,JSW Holdings Limited,EQ
JSWINFRA,NSE,JSWINFRA.NS,JSW Infrastructure Limited,EQ
JSWSTEEL,NSE,JSWSTEEL.NS,JSW Steel Limited,EQ
JTEKTINDIA,NSE,JTEKTINDIA.NS,Jtekt India Limited,EQ
JTLIND,NSE,JTLIND.NS,JTL INDUSTRIES LIMITED,EQ
JUBLCPL,NSE,JUBLCPL.NS,Jubilant Agri and Consumer Products Limited,EQ
JUBLFOOD,NSE,JUBLFOOD.NS,Jubilant Foodworks Limited,EQ
JUBLINGREA,NSE,JUBLINGREA.NS,Jubilant Ingrevia Limited,EQ
JUBLPHARMA,NSE,JUBLPHARMA.NS,Jubilant Pharmova Limited,EQ
JUNIPER,NSE,JUNIPER.NS,Juniper Hotels Limited,EQ
JUSTDIAL,NSE,JUSTDIAL.NS,Just Dial Limited,EQ
JWL,NSE,JWL.NS,Jupiter Wagons Limited,EQ
JYOTHYLAB,NSE,JYOTHYLAB.NS,Jyothy Labs Limited,EQ
JYOTICNC,NSE,JYOTICNC.NS,Jyoti CNC Automation Limited,EQ
JYOTIRES,NSE,JYOTIRES.NS,Jyoti Resins & Adhesives Limited,EQ
JYOTISTRUC,NSE,JYOTISTRUC.NS,Jyoti Structures Limited,EQ
KABRAEXTRU,NSE,KABRAEXTRU.NS,Kabra Extrusion Technik Limited,EQ
KAJARIACER,NSE,KAJARIACER.NS,Kajaria Ceramics Limited,EQ
KAKATCEM,NSE,KAKATCEM.NS,Kakatiya Cement Sugar & Industries Limited,EQ
KALAMANDIR,NSE,KALAMANDIR.NS,Sai Silks (Kalamandir) Limited,EQ
KALPATARU,NSE,KALPATARU.NS,Kalpataru Limited,EQ
KALYANI,NSE,KALYANI.NS,Kalyani Commercials Limited,BE
KALYANIFRG,NSE,KALYANIFRG.NS,Kalyani Forge Limited,BE
KALYANKJIL,NSE,KALYANKJIL.NS,Kalyan Jewellers India Limited,EQ
KAMAHOLD,NSE,KAMAHOLD.NS,Kama Holdings Limited,EQ
KAMANWALA,NSE,KAMANWALA.NS,Kamanwala Housing Construction Limited,EQ
KAMATHOTEL,NSE,KAMATHOTEL.NS,Kamat Hotels (I) Limited,EQ
KAMDHENU,NSE,KAMDHENU.NS,Kamdhenu Limited,EQ
KAMOPAINTS,NSE,KAMOPAINTS.NS,Kamdhenu Ventures Limited,EQ
KANANIIND,NSE,KANANIIND.NS,Kanani Industries Limited,EQ
KANCHI,NSE,KANCHI.NS,Kanchi Karpooram Limited,EQ
KANCOTEA,NSE,KANCOTEA.NS,Kanco Tea & Industries Limited,EQ
KANOHAR,NSE,KANOHAR.NS,Kanohar Electricals Limited,EQ
KANORICHEM,NSE,KANORICHEM.NS,Kanoria Chemicals & Industries Limited,BE
KANPRPLA,NSE,KANPRPLA.NS,Kanpur Plastipack Limited,EQ
KANSAINER,NSE,KANSAINER.NS,Kansai Nerolac Paints Limited,EQ
KAPSTON,NSE,KAPSTON.NS,Kapston Services Limited,EQ
KARAMTARA,NSE,KARAMTARA.NS,Karamtara Engineering Limited,EQ
KARMAENG,NSE,KARMAENG.NS,Karma Energy Limited,EQ
KARURVYSYA,NSE,KARURVYSYA.NS,Karur Vysya Bank Limited,EQ
KAUSHALYA,NSE,KAUSHALYA.NS,Kaushalya Infrastructure Development Corporation Limited,BE
KAVDEFENCE,NSE,KAVDEFENCE.NS,Kavveri Defence & Wireless Technologies Limited,BE
KAYA,NSE,KAYA.NS,Kaya Limited,BE
KAYNES,NSE,KAYNES.NS,Kaynes Technology India Limited,EQ
KCP,NSE,KCP.NS,KCP Limited,EQ
KCPSUGIND,NSE,KCPSUGIND.NS,KCP Sugar and Industries Corporation Limited,BE
KDDL,NSE,KDDL.NS,KDDL Limited,EQ
KDGREEN,NSE,KDGREEN.NS,KD Green Industries Limited,EQ
KEC,NSE,KEC.NS,KEC International Limited,EQ
KECL,NSE,KECL.NS,Kirloskar Electric Company Limited,EQ
KEEPLEARN,NSE,KEEPLEARN.NS,DSJ Keep Learning Limited,EQ
KEI,NSE,KEI.NS,KEI Industries Limited,EQ
KELLTONTEC,NSE,KELLTONTEC.NS,Kellton Tech Solutions Limited,EQ
KENNAMET,NSE,KENNAMET.NS,Kennametal India Limited,EQ
KERNEX,NSE,KERNEX.NS,Kernex Microsystems (India) Limited,EQ
KESORAMIND,NSE,KESORAMIND.NS,Kesoram Industries Limited,EQ
KEYFINSERV,NSE,KEYFINSERV.NS,Keynote Financial Services Limited,EQ
KFINTECH,NSE,KFINTECH.NS,Kfin Technologies Limited,EQ
KHADIM,NSE,KHADIM.NS,Khadim India Limited,BE
KHAICHEM,NSE,KHAICHEM.NS,Khaitan Chemicals & Fertilizers Limited,EQ
KHAITANLTD,NSE,KHAITANLTD.NS,Khaitan (India) Limited,EQ
KHANDSE,NSE,KHANDSE.NS,Khandwala Securities Limited,EQ
KICL,NSE,KICL.NS,Kalyani Investment Company Limited,EQ
KILITCH,NSE,KILITCH.NS,Kilitch Drugs (India) Limited,BE
KIMS,NSE,KIMS.NS,Krishna Institute of Medical Sciences Limited,EQ
KINGFA,NSE,KINGFA.NS,Kingfa Science & Technology (India) Limited,EQ
KIOCL,NSE,KIOCL.NS,KIOCL Limited,EQ
KIRANVYPAR,NSE,KIRANVYPAR.NS,Kiran Vyapar Limited,EQ
KIRIINDUS,NSE,KIRIINDUS.NS,Kiri Industries Limited,EQ
KIRLFER,NSE,KIRLFER.NS,Kirloskar Ferrous Industries Limited,EQ
KIRLOSBROS,NSE,KIRLOSBROS.NS,Kirloskar Brothers Limited,EQ
KIRLOSENG,NSE,KIRLOSENG.NS,Kirloskar Oil Engines Limited,EQ
KIRLOSIND,NSE,KIRLOSIND.NS,Kirloskar Industries Limited,EQ
KIRLPNU,NSE,KIRLPNU.NS,Kirloskar Pneumatic Company Limited,EQ
KISSHT,NSE,KISSHT.NS,OnEMI Technology Solutions Limited,EQ
KITEX,NSE,KITEX.NS,Kitex Garments Limited,EQ
KJMCFIN,NSE,KJMCFIN.NS,KJMC Financial Services Limited,EQ
KKCL,NSE,KKCL.NS,Kewal Kiran Clothing Limited,EQ
KLBRENG-B,NSE,KLBRENG-B.NS,Kilburn Engineering Limited,EQ
KMCSHIL,NSE,KMCSHIL.NS,K M C Speciality Hospitals (India) Limited,EQ
KMEW,NSE,KMEW.NS,Knowledge Marine & Engineering Works Limited,EQ
KMSUGAR,NSE,KMSUGAR.NS,K.M.Sugar Mills Limited,EQ
KNACK,NSE,KNACK.NS,Knack Packaging Limited,EQ
KNAGRI,NSE,KNAGRI.NS,KN Agri Resources Limited,EQ
KNRCON,NSE,KNRCON.NS,KNR Constructions Limited,EQ
KOHINOOR,NSE,KOHINOOR.NS,Kohinoor Foods Limited,EQ
KOKUYOCMLN,NSE,KOKUYOCMLN.NS,Kokuyo Camlin Limited,EQ
KOLTEPATIL,NSE,KOLTEPATIL.NS,Kolte - Patil Developers Limited,EQ
KOPRAN,NSE,KOPRAN.NS,Kopran Limited,EQ
KOTAKBANK,NSE,KOTAKBANK.NS,Kotak Mahindra Bank Limited,EQ
KOTARISUG,NSE,KOTARISUG.NS,Kothari Sugars And Chemicals Limited,BE
KOTHARIPET,NSE,KOTHARIPET.NS,Kothari Petrochemicals Limited,EQ
KOTHARIPRO,NSE,KOTHARIPRO.NS,Kothari Products Limited,EQ
KOTIC,NSE,KOTIC.NS,Kothari Industrial Corporation Limited,EQ
KOTYARK,NSE,KOTYARK.NS,Kotyark Industries Limited,EQ
KOVAI,NSE,KOVAI.NS,Kovai Medical Center & Hospital Limited,EQ
KPEL,NSE,KPEL.NS,K.P. Energy Limited,EQ
KPIGREEN,NSE,KPIGREEN.NS,KPI Green Energy Limited,EQ
KPIL,NSE,KPIL.NS,Kalpataru Projects International Limited,EQ
KPITTECH,NSE,KPITTECH.NS,KPIT Technologies Limited,EQ
KPL,NSE,KPL.NS,Kwality Pharmaceuticals Limited,EQ
KPRMILL,NSE,KPRMILL.NS,K.P.R. Mill Limited,EQ
KRBL,NSE,KRBL.NS,KRBL Limited,EQ
KREBSBIO,NSE,KREBSBIO.NS,Krebs Biochemicals and Industries Limited,EQ
KRIDHANINF,NSE,KRIDHANINF.NS,Kridhan Infra Limited,EQ
KRISHANA,NSE,KRISHANA.NS,Krishana Phoschem Limited,EQ
KRISHIVAL,NSE,KRISHIVAL.NS,Krishival Foods Limited,EQ
KRISHNADEF,NSE,KRISHNADEF.NS,Krishna Defence And Allied Industries Limited,EQ
KRITI,NSE,KRITI.NS,Kriti Industries (India) Limited,EQ
KRITIKA,NSE,KRITIKA.NS,Kritika Wires Limited,EQ
KRITINUT,NSE,KRITINUT.NS,Kriti Nutrients Limited,EQ
KRN,NSE,KRN.NS,KRN Heat Exchanger and Refrigeration Limited,EQ
KRONOX,NSE,KRONOX.NS,Kronox Lab Sciences Limited,BE
KROSS,NSE,KROSS.NS,Kross Limited,EQ
KRSNAA,NSE,KRSNAA.NS,Krsnaa Diagnostics Limited,EQ
KRYSTAL,NSE,KRYSTAL.NS,Krystal Integrated Services Limited,EQ
KSB,NSE,KSB.NS,Ksb Limited,EQ
KSCL,NSE,KSCL.NS,Kaveri Seed Company Limited,EQ
KSE,NSE,KSE.NS,KSE Limited,EQ
KSHINTL,NSE,KSHINTL.NS,KSH International Limited,EQ
KSHITIJPOL,NSE,KSHITIJPOL.NS,Kshitij Polyline Limited,EQ
KSL,NSE,KSL.NS,Kalyani Steels Limited,EQ
KSOLVES,NSE,KSOLVES.NS,Ksolves India Limited,EQ
KSR,NSE,KSR.NS,KSR Footwear Limited,BE
KTKBANK,NSE,KTKBANK.NS,The Karnataka Bank Limited,EQ
KUANTUM,NSE,KUANTUM.NS,Kuantum Papers Limited,EQ
KUSUMGAR,NSE,KUSUMGAR.NS,Kusumgar Limited,EQ
KWIL,NSE,KWIL.NS,Kwality Wall's (India) Limited,EQ
LADDERUP,NSE,LADDERUP.NS,Ladderup Finance Limited,BE
LAGNAM,NSE,LAGNAM.NS,Lagnam Spintex Limited,EQ
LAHOTIOV,NSE,LAHOTIOV.NS,Lahoti Overseas Limited,EQ
LAKPRE,NSE,LAKPRE.NS,Lakshmi Precision Screws Limited,BZ
LAKSHMIMIL,NSE,LAKSHMIMIL.NS,Lakshmi Mills Company Limited,EQ
LAL,NSE,LAL.NS,Lorenzini Apparels Limited,EQ
LALITHAA,NSE,LALITHAA.NS,Lalithaa Jewellery Mart Limited,EQ
LALPATHLAB,NSE,LALPATHLAB.NS,Dr. Lal Path Labs Ltd.,EQ
LAMBODHARA,NSE,LAMBODHARA.NS,Lambodhara Textiles Limited,EQ
LANCER,NSE,LANCER.NS,Lancer Container Lines Limited,EQ
LANCORHOL,NSE,LANCORHOL.NS,Lancor Holdings Limited,BE
LANDMARK,NSE,LANDMARK.NS,Landmark Cars Limited,EQ
LANDSMILL,NSE,LANDSMILL.NS,Landsmill Green Limited,EQ
LAOPALA,NSE,LAOPALA.NS,La Opala RG Limited,EQ
LASA,NSE,LASA.NS,Lasa Supergenerics Limited,BE
LASERPOWER,NSE,LASERPOWER.NS,Laser Power & Infra Limited,EQ
LATENTVIEW,NSE,LATENTVIEW.NS,Latent View Analytics Limited,EQ
LATTEYS,NSE,LATTEYS.NS,Latteys Industries Limited,EQ
LAURUSLABS,NSE,LAURUSLABS.NS,Laurus Labs Limited,EQ
LAXMICOT,NSE,LAXMICOT.NS,Laxmi Cotspin Limited,EQ
LAXMIDENTL,NSE,LAXMIDENTL.NS,Laxmi Dental Limited,EQ
LAXMIINDIA,NSE,LAXMIINDIA.NS,Laxmi India Finance Limited,EQ
LCCINFOTEC,NSE,LCCINFOTEC.NS,LCC Infotech Limited,EQ
LCCPROJECT,NSE,LCCPROJECT.NS,LCC Projects Limited,EQ
LCL,NSE,LCL.NS,Lohia Corp Limited,EQ
LEAPIND,NSE,LEAPIND.NS,LEAP India Limited,EQ
LEENEE,NSE,LEENEE.NS,Lee & Nee Softwares Exports Limited,BE
LEMERITE,NSE,LEMERITE.NS,Le Merite Exports Limited,EQ
LEMONTREE,NSE,LEMONTREE.NS,Lemon Tree Hotels Limited,EQ
LENSKART,NSE,LENSKART.NS,Lenskart Solutions Limited,EQ
LEXUS,NSE,LEXUS.NS,Lexus Granito (India) Limited,EQ
LFIC,NSE,LFIC.NS,Lakshmi Finance & Industrial Corporation Limited,EQ
LGBBROSLTD,NSE,LGBBROSLTD.NS,LG Balakrishnan & Bros Limited,EQ
LGEINDIA,NSE,LGEINDIA.NS,LG Electronics India Limited,EQ
LGHL,NSE,LGHL.NS,Laxmi Goldorna House Limited,EQ
LIBAS,NSE,LIBAS.NS,Libas Consumer Products Limited,EQ
LIBERTSHOE,NSE,LIBERTSHOE.NS,Liberty Shoes Limited,EQ
LICHSGFIN,NSE,LICHSGFIN.NS,LIC Housing Finance Limited,EQ
LICI,NSE,LICI.NS,Life Insurance Corporation Of India,EQ
LIKHITHA,NSE,LIKHITHA.NS,Likhitha Infrastructure Limited,EQ
LINC,NSE,LINC.NS,Linc Limited,EQ
LINCOLN,NSE,LINCOLN.NS,Lincoln Pharmaceuticals Limited,EQ
LINDEINDIA,NSE,LINDEINDIA.NS,Linde India Limited,EQ
LKPSEC,NSE,LKPSEC.NS,LKP Securities Limited,EQ
LLOYDSENGG,NSE,LLOYDSENGG.NS,LLOYDS ENGINEERING WORKS LIMITED,EQ
LLOYDSENT,NSE,LLOYDSENT.NS,Lloyds Enterprises Limited,EQ
LLOYDSME,NSE,LLOYDSME.NS,Lloyds Metals And Energy Limited,EQ
LMW,NSE,LMW.NS,LMW Limited,EQ
LODHA,NSE,LODHA.NS,Lodha Developers Limited,EQ
LOKESHMACH,NSE,LOKESHMACH.NS,Lokesh Machines Limited,EQ
LORDSCHLO,NSE,LORDSCHLO.NS,Lords Chloro Alkali Limited,EQ
LOTUSCHO,NSE,LOTUSCHO.NS,Lotus Chocolate Company Limited,EQ
LOTUSDEV,NSE,LOTUSDEV.NS,Sri Lotus Developers and Realty Limited,BE
LOTUSEYE,NSE,LOTUSEYE.NS,Lotus Eye Hospital and Institute Limited,EQ
LOVABLE,NSE,LOVABLE.NS,Lovable Lingerie Limited,EQ
LOYALTEX,NSE,LOYALTEX.NS,Loyal Textile Mills Limited,EQ
LPDC,NSE,LPDC.NS,Landmark Property Development Company Limited,EQ
LT,NSE,LT.NS,Larsen & Toubro Limited,EQ
LTF,NSE,LTF.NS,L&T Finance Limited,EQ
LTFOODS,NSE,LTFOODS.NS,LT Foods Limited,EQ
LTM,NSE,LTM.NS,LTM Limited,EQ
LTTS,NSE,LTTS.NS,L&T Technology Services Limited,EQ
LUMAXIND,NSE,LUMAXIND.NS,Lumax Industries Limited,EQ
LUMAXTECH,NSE,LUMAXTECH.NS,Lumax Auto Technologies Limited,EQ
LUMINO,NSE,LUMINO.NS,Lumino Industries Limited,EQ
LUPIN,NSE,LUPIN.NS,Lupin Limited,EQ
LUXIND,NSE,LUXIND.NS,Lux Industries Limited,EQ
LXCHEM,NSE,LXCHEM.NS,Laxmi Organic Industries Limited,EQ
LYKALABS,NSE,LYKALABS.NS,Lyka Labs Limited,BE
M&M,NSE,M&M.NS,Mahindra & Mahindra Limited,EQ
M&MFIN,NSE,M&MFIN.NS,Mahindra & Mahindra Financial Services Limited,EQ
MAANALU,NSE,MAANALU.NS,Maan Aluminium Limited,EQ
MACPOWER,NSE,MACPOWER.NS,Macpower CNC Machines Limited,EQ
MADHAV,NSE,MADHAV.NS,Madhav Marbles and Granites Limited,EQ
MADHAVIPL,NSE,MADHAVIPL.NS,Madhav Infra Projects Limited,EQ
MADHUCON,NSE,MADHUCON.NS,Madhucon Projects Limited,EQ
MADRASFERT,NSE,MADRASFERT.NS,Madras Fertilizers Limited,EQ
MAFATIND,NSE,MAFATIND.NS,Mafatlal Industries Limited,EQ
MAGADSUGAR,NSE,MAGADSUGAR.NS,Magadh Sugar & Energy Limited,EQ
MAGNUM,NSE,MAGNUM.NS,Magnum Ventures Limited,EQ
MAHABANK,NSE,MAHABANK.NS,Bank of Maharashtra,EQ
MAHAPEXLTD,NSE,MAHAPEXLTD.NS,Maha Rashtra Apex Corporation Limited,EQ
MAHASTEEL,NSE,MAHASTEEL.NS,Mahamaya Steel Industries Limited,BE
MAHEPC,NSE,MAHEPC.NS,Mahindra EPC Irrigation Limited,EQ
MAHESHWARI,NSE,MAHESHWARI.NS,Maheshwari Logistics Limited,EQ
MAHLIFE,NSE,MAHLIFE.NS,Mahindra Lifespace Developers Limited,EQ
MAHLOG,NSE,MAHLOG.NS,Mahindra Logistics Limited,EQ
MAHSCOOTER,NSE,MAHSCOOTER.NS,Maharashtra Scooters Limited,EQ
MAHSEAMLES,NSE,MAHSEAMLES.NS,Maharashtra Seamless Limited,EQ
MAITHANALL,NSE,MAITHANALL.NS,Maithan Alloys Limited,EQ
MAJESAUT,NSE,MAJESAUT.NS,Majestic Auto Limited,BE
MAKERSL,NSE,MAKERSL.NS,Makers Laboratories Limited,EQ
MALLCOM,NSE,MALLCOM.NS,Mallcom (India) Limited,EQ
MALUPAPER,NSE,MALUPAPER.NS,Malu Paper Mills Limited,EQ
MAMATA,NSE,MAMATA.NS,Mamata Machinery Limited,EQ
MANAKALUCO,NSE,MANAKALUCO.NS,Manaksia Aluminium Company Limited,EQ
MANAKCOAT,NSE,MANAKCOAT.NS,Manaksia Coated Metals & Industries Limited,EQ
MANAKSIA,NSE,MANAKSIA.NS,Manaksia Limited,EQ
MANAKSTEEL,NSE,MANAKSTEEL.NS,Manaksia Steels Limited,BE
MANALIPETC,NSE,MANALIPETC.NS,Manali Petrochemicals Limited,EQ
MANAPPURAM,NSE,MANAPPURAM.NS,Manappuram Finance Limited,EQ
MANBA,NSE,MANBA.NS,Manba Finance Limited,EQ
MANCREDIT,NSE,MANCREDIT.NS,Mangal Credit and Fincorp Limited,EQ
MANGALAM,NSE,MANGALAM.NS,Mangalam Drugs And Organics Limited,EQ
MANGLMCEM,NSE,MANGLMCEM.NS,Mangalam Cement Limited,EQ
MANIKA,NSE,MANIKA.NS,Manika Plastech Limited,BE
MANINDS,NSE,MANINDS.NS,Man Industries (India) Limited,EQ
MANINFRA,NSE,MANINFRA.NS,Man Infraconstruction Limited,EQ
MANIPALHOS,NSE,MANIPALHOS.NS,Manipal Health Enterprises Limited,EQ
MANKIND,NSE,MANKIND.NS,Mankind Pharma Limited,EQ
MANOMAY,NSE,MANOMAY.NS,Manomay Tex India Limited,EQ
MANORAMA,NSE,MANORAMA.NS,Manorama Industries Limited,EQ
MANORG,NSE,MANORG.NS,Mangalam Organics Limited,EQ
MANUGRAPH,NSE,MANUGRAPH.NS,Manugraph India Limited,BE
MANYAVAR,NSE,MANYAVAR.NS,Vedant Fashions Limited,EQ
MAPMYINDIA,NSE,MAPMYINDIA.NS,C.E. Info Systems Limited,EQ
MARALOVER,NSE,MARALOVER.NS,Maral Overseas Limited,EQ
MARATHON,NSE,MARATHON.NS,Marathon Nextgen Realty Limited,EQ
MARICO,NSE,MARICO.NS,Marico Limited,EQ
MARINE,NSE,MARINE.NS,Marine Electricals (India) Limited,EQ
MARKOLINES,NSE,MARKOLINES.NS,Markolines Pavement Technologies Limited,EQ
MARKSANS,NSE,MARKSANS.NS,Marksans Pharma Limited,EQ
MARSONS,NSE,MARSONS.NS,Marsons Limited,EQ
MARUTI,NSE,MARUTI.NS,Maruti Suzuki India Limited,EQ
MASFIN,NSE,MASFIN.NS,MAS Financial Services Limited,EQ
MASKINVEST,NSE,MASKINVEST.NS,Mask Investments Limited,EQ
MASTEK,NSE,MASTEK.NS,Mastek Limited,EQ
MASTERTR,NSE,MASTERTR.NS,Master Trust Limited,EQ
MATRIMONY,NSE,MATRIMONY.NS,Matrimony.Com Limited,EQ
MAWANASUG,NSE,MAWANASUG.NS,Mawana Sugars Limited,EQ
MAXESTATES,NSE,MAXESTATES.NS,Max Estates Limited,EQ
MAXHEALTH,NSE,MAXHEALTH.NS,Max Healthcare Institute Limited,EQ
MAXIND,NSE,MAXIND.NS,Max India Limited,EQ
MAYURUNIQ,NSE,MAYURUNIQ.NS,Mayur Uniquoters Ltd,EQ
MAZDA,NSE,MAZDA.NS,Mazda Limited,BE
MAZDOCK,NSE,MAZDOCK.NS,Mazagon Dock Shipbuilders Limited,EQ
MBAPL,NSE,MBAPL.NS,Madhya Bharat Agro Products Limited,EQ
MBECL,NSE,MBECL.NS,Mcnally Bharat Engineering Company Limited,BE
MBEL,NSE,MBEL.NS,M & B Engineering Limited,EQ
MBLINFRA,NSE,MBLINFRA.NS,MBL Infrastructure Limited,EQ
MCCHRLS-B,NSE,MCCHRLS-B.NS,Mac Charles India Limited,EQ
MCL,NSE,MCL.NS,M TEK COPPER LIMITED,EQ
MCLEODRUSS,NSE,MCLEODRUSS.NS,Mcleod Russel India Limited,EQ
MCLOUD,NSE,MCLOUD.NS,Magellanic Cloud Limited,EQ
MCX,NSE,MCX.NS,Multi Commodity Exchange of India Limited,EQ
MEDANTA,NSE,MEDANTA.NS,Global Health Limited,EQ
MEDIASSIST,NSE,MEDIASSIST.NS,Medi Assist Healthcare Services Limited,EQ
MEDICAMEQ,NSE,MEDICAMEQ.NS,Medicamen Biotech Limited,BE
MEDICAPQ,NSE,MEDICAPQ.NS,Medi Caps Limited,BE
MEDICO,NSE,MEDICO.NS,Medico Remedies Limited,EQ
MEDPLUS,NSE,MEDPLUS.NS,Medplus Health Services Limited,EQ
MEESHO,NSE,MEESHO.NS,Meesho Limited,EQ
MEGASTAR,NSE,MEGASTAR.NS,Megastar Foods Limited,EQ
MEIL,NSE,MEIL.NS,Mangal Electrical Industries Limited,EQ
MENNPIS,NSE,MENNPIS.NS,Menon Pistons Limited,BE
MENONBE,NSE,MENONBE.NS,Menon Bearings Limited,EQ
MEP,NSE,MEP.NS,MEP Infrastructure Developers Limited,BZ
MERCANTILE,NSE,MERCANTILE.NS,Mercantile Ventures Limited,EQ
MERCURYEV,NSE,MERCURYEV.NS,Mercury Ev-Tech Limited,EQ
METROBRAND,NSE,METROBRAND.NS,Metro Brands Limited,EQ
METROGLOBL,NSE,METROGLOBL.NS,Metroglobal Limited,EQ
METROPOLIS,NSE,METROPOLIS.NS,Metropolis Healthcare Limited,EQ
MFML,NSE,MFML.NS,Mahalaxmi Fabric Mills Limited,EQ
MFSL,NSE,MFSL.NS,Max Financial Services Limited,EQ
MGEL,NSE,MGEL.NS,Mangalam Global Enterprise Limited,EQ
MGL,NSE,MGL.NS,Mahanagar Gas Limited,EQ
MHLXMIRU,NSE,MHLXMIRU.NS,Mahalaxmi Rubtech Limited,BE
MHRIL,NSE,MHRIL.NS,Mahindra Holidays & Resorts India Limited,EQ
MICEL,NSE,MICEL.NS,MIC Electronics Limited,BE
MIDHANI,NSE,MIDHANI.NS,Mishra Dhatu Nigam Limited,EQ
MIDWESTLTD,NSE,MIDWESTLTD.NS,Midwest Limited,EQ
MIIL,NSE,MIIL.NS,Meghna Infracon Infrastructure Limited,EQ
MILKYMIST,NSE,MILKYMIST.NS,Milky Mist Dairy Food Limited,BE
MINALIND,NSE,MINALIND.NS,Minal Industries Limited,BE
MINDACORP,NSE,MINDACORP.NS,Minda Corporation Limited,EQ
MINDTECK,NSE,MINDTECK.NS,Mindteck (India) Limited,EQ
MIRZAINT,NSE,MIRZAINT.NS,Mirza International Limited,EQ
MITCON,NSE,MITCON.NS,MITCON Consultancy & Engineering Services Limited,EQ
MITTAL,NSE,MITTAL.NS,Mittal Life Style Limited,EQ
MKEXIM,NSE,MKEXIM.NS,M.K. Exim (India) Limited,EQ
MKPL,NSE,MKPL.NS,M K Proteins Limited,EQ
MLKFOOD,NSE,MLKFOOD.NS,Milkfood Limited,EQ
MMFL,NSE,MMFL.NS,MM Forgings Limited,EQ
MMP,NSE,MMP.NS,MMP Industries Limited,EQ
MMTC,NSE,MMTC.NS,MMTC Limited,EQ
MMWL,NSE,MMWL.NS,Media Matrix Worldwide Limited,EQ
MOBIKWIK,NSE,MOBIKWIK.NS,One Mobikwik Systems Limited,EQ
MODINATUR,NSE,MODINATUR.NS,Modi Naturals Limited,EQ
MODIRUBBER,NSE,MODIRUBBER.NS,Modi Rubber Limited,EQ
MODIS,NSE,MODIS.NS,Modis Navnirman Limited,EQ
MODISONLTD,NSE,MODISONLTD.NS,MODISON LIMITED,BE
MODTHREAD,NSE,MODTHREAD.NS,Modern Threads (India) Limited,EQ
MOHITE,NSE,MOHITE.NS,Mohite Industries Limited,EQ
MOHITIND,NSE,MOHITIND.NS,Mohit Industries Limited,EQ
MOIL,NSE,MOIL.NS,MOIL Limited,EQ
MOKSH,NSE,MOKSH.NS,Moksh Ornaments Limited,EQ
MOL,NSE,MOL.NS,Meghmani Organics Limited,EQ
MOLBIO,NSE,MOLBIO.NS,Molbio Diagnostics Limited,EQ
MOLDTECH,NSE,MOLDTECH.NS,Mold-Tek Technologies Limited,BE
MOLDTKPAC,NSE,MOLDTKPAC.NS,Mold-Tek Packaging Limited,EQ
MOMSBELIEF,NSE,MOMSBELIEF.NS,Rays of Belief Limited,EQ
MONARCH,NSE,MONARCH.NS,Monarch Networth Capital Limited,EQ
MONEYBOXX,NSE,MONEYBOXX.NS,Moneyboxx Finance Limited,EQ
MONTECARLO,NSE,MONTECARLO.NS,Monte Carlo Fashions Limited,EQ
MORARJEE,NSE,MORARJEE.NS,Morarjee Textiles Limited,BZ
MOREPENLAB,NSE,MOREPENLAB.NS,Morepen Laboratories Limited,EQ
MOSCHIP,NSE,MOSCHIP.NS,Moschip Technologies Limited,EQ
MOTHERSON,NSE,MOTHERSON.NS,Samvardhana Motherson International Limited,EQ
MOTILALOFS,NSE,MOTILALOFS.NS,Motilal Oswal Financial Services Limited,EQ
MOTISONS,NSE,MOTISONS.NS,Motisons Jewellers Limited,EQ
MOTOGENFIN,NSE,MOTOGENFIN.NS,The Motor & General Finance Limited,EQ
MPDL,NSE,MPDL.NS,MPDL Limited,BE
MPHASIS,NSE,MPHASIS.NS,MphasiS Limited,EQ
MPIMANIPAL,NSE,MPIMANIPAL.NS,Manipal Payment and Identity Solutions Limited,EQ
MPSLTD,NSE,MPSLTD.NS,MPS Limited,EQ
MRF,NSE,MRF.NS,MRF Limited,EQ
MRPL,NSE,MRPL.NS,Mangalore Refinery and Petrochemicals Limited,EQ
MSL,NSE,MSL.NS,Mangalam Seeds Limited,EQ
MSPL,NSE,MSPL.NS,MSP Steel & Power Limited,EQ
MSTCLTD,NSE,MSTCLTD.NS,Mstc Limited,EQ
MSUMI,NSE,MSUMI.NS,Motherson Sumi Wiring India Limited,EQ
MTARTECH,NSE,MTARTECH.NS,Mtar Technologies Limited,BE
MTEDUCARE,NSE,MTEDUCARE.NS,MT Educare Limited,BE
MTNL,NSE,MTNL.NS,Mahanagar Telephone Nigam Limited,EQ
MUFIN,NSE,MUFIN.NS,Mufin Green Finance Limited,EQ
MUFTI,NSE,MUFTI.NS,Credo Brands Marketing Limited,EQ
MUKANDLTD,NSE,MUKANDLTD.NS,Mukand Limited,EQ
MUKESHB,NSE,MUKESHB.NS,Mukesh Babu Financial Services Limited,EQ
MUKKA,NSE,MUKKA.NS,Mukka Proteins Limited,BE
MUKTAARTS,NSE,MUKTAARTS.NS,Mukta Arts Limited,EQ
MUNJALAU,NSE,MUNJALAU.NS,Munjal Auto Industries Limited,EQ
MUNJALSHOW,NSE,MUNJALSHOW.NS,Munjal Showa Limited,EQ
MURUDCERA,NSE,MURUDCERA.NS,Murudeshwar Ceramics Limited,EQ
MUTHOOTCAP,NSE,MUTHOOTCAP.NS,Muthoot Capital Services Limited,EQ
MUTHOOTFIN,NSE,MUTHOOTFIN.NS,Muthoot Finance Limited,EQ
MUTHOOTMF,NSE,MUTHOOTMF.NS,Muthoot Microfin Limited,EQ
MVELECTRO,NSE,MVELECTRO.NS,MV Electrosystems Limited,EQ
MVGJL,NSE,MVGJL.NS,Manoj Vaibhav Gems N Jewellers Limited,EQ
MWL,NSE,MWL.NS,Mangalam Worldwide Limited,EQ
MYSORPETRO,NSE,MYSORPETRO.NS,Mysore Petro Chemicals Limited,BE
NACLIND,NSE,NACLIND.NS,NACL Industries Limited,EQ
NAGAFERT,NSE,NAGAFERT.NS,Nagarjuna Fertilizers and Chemicals Limited,BZ
NAGREEKCAP,NSE,NAGREEKCAP.NS,Nagreeka Capital & Infrastructure Limited,EQ
NAGREEKEXP,NSE,NAGREEKEXP.NS,Nagreeka Exports Limited,EQ
NAHARCAP,NSE,NAHARCAP.NS,Nahar Capital and Financial Services Limited,EQ
NAHARINDUS,NSE,NAHARINDUS.NS,Nahar Industrial Enterprises Limited,EQ
NAHARPOLY,NSE,NAHARPOLY.NS,Nahar Poly Films Limited,EQ
NAHARSPING,NSE,NAHARSPING.NS,Nahar Spinning Mills Limited,EQ
NAM-INDIA,NSE,NAM-INDIA.NS,Nippon Life India Asset Management Limited,EQ
NARMADA,NSE,NARMADA.NS,Narmada Agrobase Limited,EQ
NATCAPSUQ,NSE,NATCAPSUQ.NS,Natural Capsules Limited,BE
NATCOPHARM,NSE,NATCOPHARM.NS,Natco Pharma Limited,EQ
NATHBIOGEN,NSE,NATHBIOGEN.NS,Nath Bio-Genes (India) Limited,EQ
NATIONALUM,NSE,NATIONALUM.NS,National Aluminium Company Limited,EQ
NATIONSTD,NSE,NATIONSTD.NS,National Standard (India) Limited,EQ
NAUKRI,NSE,NAUKRI.NS,Info Edge (India) Limited,EQ
NAVA,NSE,NAVA.NS,NAVA LIMITED,EQ
NAVINFLUOR,NSE,NAVINFLUOR.NS,Navin Fluorine International Limited,EQ
NAVKARCORP,NSE,NAVKARCORP.NS,Navkar Corporation Limited,EQ
NAVKARURB,NSE,NAVKARURB.NS,Navkar Urbanstructure Limited,EQ
NAVNETEDUL,NSE,NAVNETEDUL.NS,Navneet Education Limited,EQ
NAZARA,NSE,NAZARA.NS,Nazara Technologies Limited,EQ
NBCC,NSE,NBCC.NS,NBCC (India) Limited,EQ
NBIFIN,NSE,NBIFIN.NS,N. B. I. Industrial Finance Company Limited,EQ
NCC,NSE,NCC.NS,NCC Limited,EQ
NCLIND,NSE,NCLIND.NS,NCL Industries Limited,EQ
NDGL,NSE,NDGL.NS,Naga Dhunseri Group Limited,EQ
NDL,NSE,NDL.NS,Nandan Denim Limited,EQ
NDLVENTURE,NSE,NDLVENTURE.NS,NDL Ventures Limited,EQ
NDRAUTO,NSE,NDRAUTO.NS,Ndr Auto Components Limited,EQ
NDTV,NSE,NDTV.NS,New Delhi Television Limited,EQ
NEAGI,NSE,NEAGI.NS,Neelamalai Agro Industries Limited,EQ
NECCLTD,NSE,NECCLTD.NS,North Eastern Carrying Corporation Limited,BE
NECLIFE,NSE,NECLIFE.NS,Nectar Lifesciences Limited,EQ
NELCAST,NSE,NELCAST.NS,Nelcast Limited,EQ
NELCO,NSE,NELCO.NS,NELCO Limited,EQ
NEOGEN,NSE,NEOGEN.NS,Neogen Chemicals Limited,EQ
NEPHROPLUS,NSE,NEPHROPLUS.NS,Nephrocare Health Services Limited,EQ
NESCO,NSE,NESCO.NS,Nesco Limited,EQ
NESTLEIND,NSE,NESTLEIND.NS,Nestle India Limited,EQ
NETWEB,NSE,NETWEB.NS,Netweb Technologies India Limited,EQ
NETWORK18,NSE,NETWORK18.NS,Network18 Media & Investments Limited,EQ
NEUEON,NSE,NEUEON.NS,Neueon Corporation Limited,BE
NEULANDLAB,NSE,NEULANDLAB.NS,Neuland Laboratories Limited,EQ
NEWGEN,NSE,NEWGEN.NS,Newgen Software Technologies Limited,EQ
NEXTMEDIA,NSE,NEXTMEDIA.NS,Next Mediaworks Limited,EQ
NFL,NSE,NFL.NS,National Fertilizers Limited,EQ
NGIL,NSE,NGIL.NS,Nakoda Group of Industries Limited,EQ
NGLFINE,NSE,NGLFINE.NS,NGL Fine-Chem Limited,EQ
NH,NSE,NH.NS,Narayana Hrudayalaya Ltd.,EQ
NHPC,NSE,NHPC.NS,NHPC Limited,EQ
NIACL,NSE,NIACL.NS,The New India Assurance Company Limited,EQ
NIBE,NSE,NIBE.NS,NIBE Limited,EQ
NIBL,NSE,NIBL.NS,NRB Industrial Bearings Limited,EQ
NICCOPAR,NSE,NICCOPAR.NS,Nicco Parks & Resorts Limited,EQ
NIITLTD,NSE,NIITLTD.NS,NIIT Limited,EQ
NIITMTS,NSE,NIITMTS.NS,NIIT Learning Systems Limited,EQ
NILAINFRA,NSE,NILAINFRA.NS,Nila Infrastructures Limited,EQ
NILASPACES,NSE,NILASPACES.NS,Nila Spaces Limited,EQ
NILE,NSE,NILE.NS,Nile Limited,EQ
NILKAMAL,NSE,NILKAMAL.NS,Nilkamal Limited,EQ
NIMBSPROJ,NSE,NIMBSPROJ.NS,Nimbus Projects Limited,EQ
NINSYS,NSE,NINSYS.NS,NINtec Systems Limited,EQ
NIPPOBATRY,NSE,NIPPOBATRY.NS,Indo-National Limited,EQ
NIRAJ,NSE,NIRAJ.NS,Niraj Cement Structurals Limited,EQ
NIRAJISPAT,NSE,NIRAJISPAT.NS,Niraj Ispat Industries Limited,BE
NIRLON,NSE,NIRLON.NS,Nirlon Limited,EQ
NITCO,NSE,NITCO.NS,Nitco Limited,EQ
NITINSPIN,NSE,NITINSPIN.NS,Nitin Spinners Limited,EQ
NITIRAJ,NSE,NITIRAJ.NS,Nitiraj Engineers Limited,EQ
NITTAGELA,NSE,NITTAGELA.NS,Nitta Gelatin India Limited,EQ
NIVABUPA,NSE,NIVABUPA.NS,Niva Bupa Health Insurance Company Limited,EQ
NKIND,NSE,NKIND.NS,NK Industries Limited,EQ
NLCINDIA,NSE,NLCINDIA.NS,NLC India Limited,EQ
NMDC,NSE,NMDC.NS,NMDC Limited,EQ
NOCIL,NSE,NOCIL.NS,NOCIL Limited,EQ
NOIDATOLL,NSE,NOIDATOLL.NS,Noida Toll Bridge Company Limited,EQ
NORBTEAEXP,NSE,NORBTEAEXP.NS,Norben Tea & Exports Limited,EQ
NORTHARC,NSE,NORTHARC.NS,Northern Arc Capital Limited,EQ
NOVAAGRI,NSE,NOVAAGRI.NS,Nova Agritech Limited,EQ
NOVARTIND,NSE,NOVARTIND.NS,Novartis India Limited,EQ
NPST,NSE,NPST.NS,Network People Services Technologies Limited,EQ
NRAIL,NSE,NRAIL.NS,N R Agarwal Industries Limited,EQ
NRBBEARING,NSE,NRBBEARING.NS,NRB Bearing Limited,EQ
NRL,NSE,NRL.NS,Nupur Recyclers Limited,BE
NSIL,NSE,NSIL.NS,Nalwa Sons Investments Limited,EQ
NSLNISP,NSE,NSLNISP.NS,NMDC Steel Limited,EQ
NTCIND,NSE,NTCIND.NS,NTC Industries Limited,EQ
NTPC,NSE,NTPC.NS,NTPC Limited,EQ
NTPCGREEN,NSE,NTPCGREEN.NS,NTPC Green Energy Limited,EQ
NUCLEUS,NSE,NUCLEUS.NS,Nucleus Software Exports Limited,EQ
NURECA,NSE,NURECA.NS,Nureca Limited,BE
NUVAMA,NSE,NUVAMA.NS,Nuvama Wealth Management Limited,EQ
NUVOCO,NSE,NUVOCO.NS,Nuvoco Vistas Corporation Limited,EQ
NYKAA,NSE,NYKAA.NS,FSN E-Commerce Ventures Limited,EQ
OAL,NSE,OAL.NS,Oriental Aromatics Limited,EQ
OBCL,NSE,OBCL.NS,OBCL Limited,EQ
OBEROIRLTY,NSE,OBEROIRLTY.NS,Oberoi Realty Limited,EQ
OCCLLTD,NSE,OCCLLTD.NS,OCCL Limited,BE
ODIGMA,NSE,ODIGMA.NS,Odigma Consultancy Solutions Limited,EQ
ODYCORP,NSE,ODYCORP.NS,Odyssey Corporation Limited,EQ
OFSS,NSE,OFSS.NS,Oracle Financial Services Software Limited,EQ
OIL,NSE,OIL.NS,Oil India Limited,EQ
OILCOUNTUB,NSE,OILCOUNTUB.NS,Oil Country Tubular Limited,BE
OLAELEC,NSE,OLAELEC.NS,Ola Electric Mobility Limited,EQ
OLECTRA,NSE,OLECTRA.NS,Olectra Greentech Limited,EQ
OMAXAUTO,NSE,OMAXAUTO.NS,Omax Autos Limited,EQ
OMAXE,NSE,OMAXE.NS,Omaxe Limited,EQ
OMFREIGHT,NSE,OMFREIGHT.NS,Om Freight Forwarders Limited,BE
OMINFRAL,NSE,OMINFRAL.NS,OM INFRA LIMITED,EQ
OMNI,NSE,OMNI.NS,Omnitech Engineering Limited,EQ
OMPOWER,NSE,OMPOWER.NS,Om Power Transmission Limited,EQ
ONEGLOBAL,NSE,ONEGLOBAL.NS,One Global Service Provider Limited,EQ
ONELIFECAP,NSE,ONELIFECAP.NS,Onelife Capital Advisors Limited,BE
ONEPOINT,NSE,ONEPOINT.NS,One Point One Solutions Limited,EQ
ONESOURCE,NSE,ONESOURCE.NS,Onesource Specialty Pharma Limited,EQ
ONGC,NSE,ONGC.NS,Oil & Natural Gas Corporation Limited,EQ
ONIDA,NSE,ONIDA.NS,Onida Electronics Limited,EQ
ONIXSOLAR,NSE,ONIXSOLAR.NS,Onix Solar Energy Limited,EQ
ONMOBILE,NSE,ONMOBILE.NS,OnMobile Global Limited,BE
ONWARDTEC,NSE,ONWARDTEC.NS,Onward Technologies Limited,EQ
OPTIEMUS,NSE,OPTIEMUS.NS,Optiemus Infracom Limited,EQ
OPTIFIN,NSE,OPTIFIN.NS,Optimus Finance Limited,EQ
ORBTEXP,NSE,ORBTEXP.NS,Orbit Exports Limited,EQ
ORCHASP,NSE,ORCHASP.NS,Orchasp Limited,EQ
ORCHPHARMA,NSE,ORCHPHARMA.NS,Orchid Pharma Limited,EQ
ORICONENT,NSE,ORICONENT.NS,Oricon Enterprises Limited,EQ
ORIENTALTL,NSE,ORIENTALTL.NS,Oriental Trimex Limited,EQ
ORIENTBELL,NSE,ORIENTBELL.NS,Orient Bell Limited,EQ
ORIENTCEM,NSE,ORIENTCEM.NS,Orient Cement Limited,EQ
ORIENTCER,NSE,ORIENTCER.NS,ORIENT CERATECH LIMITED,EQ
ORIENTELEC,NSE,ORIENTELEC.NS,Orient Electric Limited,EQ
ORIENTHOT,NSE,ORIENTHOT.NS,Oriental Hotels Limited,EQ
ORIENTLTD,NSE,ORIENTLTD.NS,Orient Press Limited,BE
ORIENTPPR,NSE,ORIENTPPR.NS,Orient Paper & Industries Limited,EQ
ORIENTTECH,NSE,ORIENTTECH.NS,Orient Technologies Limited,EQ
ORIRAIL,NSE,ORIRAIL.NS,Oriental Rail Infrastructure Limited,EQ
ORISSAMINE,NSE,ORISSAMINE.NS,The Orissa Minerals Development Company Limited,EQ
ORKLAINDIA,NSE,ORKLAINDIA.NS,Orkla India Limited,EQ
ORTEL,NSE,ORTEL.NS,Ortel Communications Limited,BZ
ORTINGLOBE,NSE,ORTINGLOBE.NS,ORTIN GLOBAL LIMITED,EQ
OSIAHYPER,NSE,OSIAHYPER.NS,Osia Hyper Retail Limited,BE
OSWALAGRO,NSE,OSWALAGRO.NS,Oswal Agro Mills Limited,EQ
OSWALGREEN,NSE,OSWALGREEN.NS,Oswal Greentech Limited,EQ
OSWALPUMPS,NSE,OSWALPUMPS.NS,Oswal Pumps Limited,EQ
OSWALSEEDS,NSE,OSWALSEEDS.NS,ShreeOswal Seeds And Chemicals Limited,EQ
PACEDIGITK,NSE,PACEDIGITK.NS,Pace Digitek Limited,EQ
PACIFICI,NSE,PACIFICI.NS,Pacific Industries Limited,EQ
PAGEIND,NSE,PAGEIND.NS,Page Industries Limited,EQ
PAISALO,NSE,PAISALO.NS,Paisalo Digital Limited,EQ
PAKKA,NSE,PAKKA.NS,PAKKA LIMITED,EQ
PALASHSECU,NSE,PALASHSECU.NS,Palash Securities Limited,EQ
PALREDTEC,NSE,PALREDTEC.NS,Palred Technologies Limited,EQ
PANACEABIO,NSE,PANACEABIO.NS,Panacea Biotec Limited,EQ
PANACHE,NSE,PANACHE.NS,Panache Digilife Limited,BE
PANAMAPET,NSE,PANAMAPET.NS,Panama Petrochem Limited,EQ
PANCHMAHQ,NSE,PANCHMAHQ.NS,Panchmahal Steel Limited,EQ
PANORAMA,NSE,PANORAMA.NS,Panorama Studios International Limited,EQ
PANSARI,NSE,PANSARI.NS,Pansari Developers Limited,EQ
PAR,NSE,PAR.NS,Par Drugs And Chemicals Limited,BE
PARACABLES,NSE,PARACABLES.NS,Paramount Communications Limited,EQ
PARADEEP,NSE,PARADEEP.NS,Paradeep Phosphates Limited,EQ
PARAGMILK,NSE,PARAGMILK.NS,Parag Milk Foods Limited,EQ
PARAS,NSE,PARAS.NS,Paras Defence and Space Technologies Limited,EQ
PARASPETRO,NSE,PARASPETRO.NS,Paras Petrofils Limited,EQ
PARIN,NSE,PARIN.NS,Parin Enterprises Limited,EQ
PARKHOSPS,NSE,PARKHOSPS.NS,Park Medi World Limited,EQ
PARKHOTELS,NSE,PARKHOTELS.NS,Apeejay Surrendra Park Hotels Limited,EQ
PARNAXLAB,NSE,PARNAXLAB.NS,Parnax Lab Limited,EQ
PARSVNATH,NSE,PARSVNATH.NS,Parsvnath Developers Limited,BE
PASHUPATI,NSE,PASHUPATI.NS,Pashupati Cotspin Limited,EQ
PASUPTAC,NSE,PASUPTAC.NS,Pasupati Acrylon Limited,EQ
PATANJALI,NSE,PATANJALI.NS,Patanjali Foods Limited,EQ
PATELENG,NSE,PATELENG.NS,Patel Engineering Limited,EQ
PATELRMART,NSE,PATELRMART.NS,Patel Retail Limited,EQ
PATINTLOG,NSE,PATINTLOG.NS,Patel Integrated Logistics Limited,EQ
PAUSHAKLTD,NSE,PAUSHAKLTD.NS,Paushak Limited,EQ
PAVNAIND,NSE,PAVNAIND.NS,Pavna Industries Limited,EQ
PAYTM,NSE,PAYTM.NS,One 97 Communications Limited,EQ
PBMPOLY,NSE,PBMPOLY.NS,PBM Polytex Limited,EQ
PCBL,NSE,PCBL.NS,PCBL Chemical Limited,EQ
PCJEWELLER,NSE,PCJEWELLER.NS,PC Jeweller Limited,EQ
PDMJEPAPER,NSE,PDMJEPAPER.NS,Pudumjee Paper Products Limited,EQ
PDSL,NSE,PDSL.NS,PDS Limited,EQ
PEARLPOLY,NSE,PEARLPOLY.NS,Pearl Polymers Limited,EQ
PENIND,NSE,PENIND.NS,Pennar Industries Limited,EQ
PENINLAND,NSE,PENINLAND.NS,Peninsula Land Limited,EQ
PERMAGN,NSE,PERMAGN.NS,Permanent Magnets Limited,EQ
PERNIASPOP,NSE,PERNIASPOP.NS,Purple Style Labs Limited,EQ
PERSISTENT,NSE,PERSISTENT.NS,Persistent Systems Limited,EQ
PETRONET,NSE,PETRONET.NS,Petronet LNG Limited,EQ
PFC,NSE,PFC.NS,Power Finance Corporation Limited,EQ
PFIZER,NSE,PFIZER.NS,Pfizer Limited,EQ
PFOCUS,NSE,PFOCUS.NS,Prime Focus Limited,EQ
PFS,NSE,PFS.NS,PTC India Financial Services Limited,EQ
PGEL,NSE,PGEL.NS,PG Electroplast Limited,EQ
PGHH,NSE,PGHH.NS,Procter & Gamble Hygiene and Health Care Limited,EQ
PGHL,NSE,PGHL.NS,Procter & Gamble Health Limited,EQ
PGIL,NSE,PGIL.NS,Pearl Global Industries Limited,EQ
PHOENIXLTD,NSE,PHOENIXLTD.NS,The Phoenix Mills Limited,EQ
PHOENXINTL,NSE,PHOENXINTL.NS,Phoenix International Limited,EQ
PICCADIL,NSE,PICCADIL.NS,Piccadily Agro Industries Limited,EQ
PIDILITIND,NSE,PIDILITIND.NS,Pidilite Industries Limited,EQ
PIGL,NSE,PIGL.NS,Power & Instrumentation (Gujarat) Limited,EQ
PIIND,NSE,PIIND.NS,PI Industries Limited,EQ
PILANIINVS,NSE,PILANIINVS.NS,Pilani Investment and Industries Corporation Limited,EQ
PILITA,NSE,PILITA.NS,PIL ITALICA LIFESTYLE LIMITED,EQ
PINELABS,NSE,PINELABS.NS,Pine Labs Limited,EQ
PIONEEREMB,NSE,PIONEEREMB.NS,Pioneer Embroideries Limited,EQ
PIONRINV,NSE,PIONRINV.NS,Pioneer Investcorp Limited,BE
PIRAMALFIN,NSE,PIRAMALFIN.NS,Piramal Finance Limited,EQ
PITTIENG,NSE,PITTIENG.NS,Pitti Engineering Limited,EQ
PIXTRANS,NSE,PIXTRANS.NS,Pix Transmissions Limited,EQ
PKTEA,NSE,PKTEA.NS,The Peria Karamalai Tea & Produce Company Limited,BE
PLASTIBLEN,NSE,PLASTIBLEN.NS,Plastiblends India Limited,EQ
PLATIND,NSE,PLATIND.NS,Platinum Industries Limited,EQ
PLAZACABLE,NSE,PLAZACABLE.NS,Plaza Wires Limited,EQ
PML,NSE,PML.NS,Paul Merchants Limited,EQ
PNB,NSE,PNB.NS,Punjab National Bank,EQ
PNBGILTS,NSE,PNBGILTS.NS,PNB Gilts Limited,EQ
PNBHOUSING,NSE,PNBHOUSING.NS,PNB Housing Finance Limited,EQ
PNC,NSE,PNC.NS,PNC Media and Entertainment Limited,EQ
PNCINFRA,NSE,PNCINFRA.NS,PNC Infratech Limited,EQ
PNGJL,NSE,PNGJL.NS,P N Gadgil Jewellers Limited,EQ
PNGSREVA,NSE,PNGSREVA.NS,PNGS Reva Diamond Jewellery Limited,EQ
POCL,NSE,POCL.NS,Pondy Oxides & Chemicals Limited,EQ
PODDARMENT,NSE,PODDARMENT.NS,Poddar Pigments Limited,EQ
POEL,NSE,POEL.NS,POCL Enterprises Limited,EQ
POKARNA,NSE,POKARNA.NS,Pokarna Limited,EQ
POLICYBZR,NSE,POLICYBZR.NS,PB Fintech Limited,EQ
POLYCAB,NSE,POLYCAB.NS,Polycab India Limited,EQ
POLYMED,NSE,POLYMED.NS,Poly Medicure Limited,EQ
POLYPLEX,NSE,POLYPLEX.NS,Polyplex Corporation Limited,EQ
POLYSPIN,NSE,POLYSPIN.NS,Polyspin Exports Limited,EQ
PONNIERODE,NSE,PONNIERODE.NS,Ponni Sugars (Erode) Limited,EQ
POONAWALLA,NSE,POONAWALLA.NS,Poonawalla Fincorp Limited,EQ
POWERGRID,NSE,POWERGRID.NS,Power Grid Corporation of India Limited,EQ
POWERICA,NSE,POWERICA.NS,Powerica Limited,EQ
POWERINDIA,NSE,POWERINDIA.NS,Hitachi Energy India Limited,EQ
POWERMECH,NSE,POWERMECH.NS,Power Mech Projects Limited,EQ
PPAP,NSE,PPAP.NS,PPAP Automotive Limited,BE
PPL,NSE,PPL.NS,Prakash Pipes Limited,BE
PPLPHARMA,NSE,PPLPHARMA.NS,Piramal Pharma Limited,EQ
PRABHA,NSE,PRABHA.NS,Prabha Energy Limited,EQ
PRADPME,NSE,PRADPME.NS,Pradeep Metals Limited,BE
PRAENG,NSE,PRAENG.NS,Prajay Engineers Syndicate Limited,EQ
PRAJIND,NSE,PRAJIND.NS,Praj Industries Limited,EQ
PRAKASH,NSE,PRAKASH.NS,Prakash Industries Limited,EQ
PRAKASHSTL,NSE,PRAKASHSTL.NS,Prakash Steelage Limited,EQ
PRANAV,NSE,PRANAV.NS,Pranav Constructions Limited,EQ
PRASOLCHEM,NSE,PRASOLCHEM.NS,Prasol Chemicals Limited,EQ
PRAVEG,NSE,PRAVEG.NS,Praveg Limited,EQ
PRAXIS,NSE,PRAXIS.NS,Praxis Home Retail Limited,EQ
PRECAM,NSE,PRECAM.NS,Precision Camshafts Limited,EQ
PRECOT,NSE,PRECOT.NS,Precot Limited,EQ
PRECWIRE,NSE,PRECWIRE.NS,Precision Wires India Limited,EQ
PREMCO,NSE,PREMCO.NS,Premco Global Limited,EQ
PREMEXPLN,NSE,PREMEXPLN.NS,Premier Explosives Limited,EQ
PREMIER,NSE,PREMIER.NS,Premier Limited,BE
PREMIERENE,NSE,PREMIERENE.NS,Premier Energies Limited,EQ
PREMIERPOL,NSE,PREMIERPOL.NS,Premier Polyfilm Limited,EQ
PRESTIGE,NSE,PRESTIGE.NS,Prestige Estates Projects Limited,EQ
PRICOLLTD,NSE,PRICOLLTD.NS,Pricol Limited,EQ
PRIMESECU,NSE,PRIMESECU.NS,Prime Securities Limited,EQ
PRIMO,NSE,PRIMO.NS,Primo Chemicals Limited,EQ
PRINCEPIPE,NSE,PRINCEPIPE.NS,Prince Pipes And Fittings Limited,EQ
PRIORITY,NSE,PRIORITY.NS,Priority Jewels Limited,EQ
PRISMX,NSE,PRISMX.NS,Prismx Global Ventures Limited,EQ
PRITI,NSE,PRITI.NS,Priti International Limited,EQ
PRITIKAUTO,NSE,PRITIKAUTO.NS,Pritika Auto Industries Limited,EQ
PRIVISCL,NSE,PRIVISCL.NS,Privi Speciality Chemicals Limited,EQ
PROSTARM,NSE,PROSTARM.NS,Prostarm Info Systems Limited,EQ
PROTEAN,NSE,PROTEAN.NS,Protean eGov Technologies Limited,EQ
PROZONER,NSE,PROZONER.NS,Prozone Realty Limited,EQ
PRSMJOHNSN,NSE,PRSMJOHNSN.NS,Prism Johnson Limited,EQ
PRUDENT,NSE,PRUDENT.NS,Prudent Corporate Advisory Services Limited,EQ
PRUDMOULI,NSE,PRUDMOULI.NS,Prudential Sugar Corporation Limited,EQ
PSB,NSE,PSB.NS,Punjab & Sind Bank,EQ
PSPPROJECT,NSE,PSPPROJECT.NS,PSP Projects Limited,EQ
PTC,NSE,PTC.NS,PTC India Limited,EQ
PTCIL,NSE,PTCIL.NS,PTC Industries Limited,EQ
PTL,NSE,PTL.NS,PTL Enterprises Limited,EQ
PUNJABCHEM,NSE,PUNJABCHEM.NS,Punjab Chemicals & Crop Protection Limited,EQ
PURVA,NSE,PURVA.NS,Puravankara Limited,EQ
PVP,NSE,PVP.NS,PVP Ventures Limited,EQ
PVRINOX,NSE,PVRINOX.NS,PVR INOX Limited,EQ
PVSL,NSE,PVSL.NS,Popular Vehicles and Services Limited,EQ
PWL,NSE,PWL.NS,Physicswallah Limited,EQ
PYRAMID,NSE,PYRAMID.NS,Pyramid Technoplast Limited,EQ
QMSMEDI,NSE,QMSMEDI.NS,QMS Medical Allied Services Limited,BE
QPOWER,NSE,QPOWER.NS,Quality Power Electrical Equipments Limited,EQ
QUADFUTURE,NSE,QUADFUTURE.NS,Quadrant Future Tek Limited,EQ
QUESS,NSE,QUESS.NS,Quess Corp Limited,EQ
QUICKHEAL,NSE,QUICKHEAL.NS,Quick Heal Technologies Limited,EQ
QUINT,NSE,QUINT.NS,Quint Digital Limited,BE
QUINTEGRA,NSE,QUINTEGRA.NS,Quintegra Solutions Limited,EQ
RACE,NSE,RACE.NS,Race Eco Chain Limited,EQ
RACLGEAR,NSE,RACLGEAR.NS,RACL Geartech Limited,EQ
RADAAN,NSE,RADAAN.NS,Radaan Mediaworks India Limited,EQ
RADHIKAJWE,NSE,RADHIKAJWE.NS,Radhika Jeweltech Limited,BE
RADIANTCMS,NSE,RADIANTCMS.NS,Radiant Cash Management Services Limited,EQ
RADICO,NSE,RADICO.NS,Radico Khaitan Limited,EQ
RADIOCITY,NSE,RADIOCITY.NS,Music Broadcast Limited,EQ
RAILTEL,NSE,RAILTEL.NS,Railtel Corporation Of India Limited,EQ
RAIN,NSE,RAIN.NS,Rain Industries Limited,EQ
RAINBOW,NSE,RAINBOW.NS,Rainbow Childrens Medicare Limited,EQ
RAJESHEXPO,NSE,RAJESHEXPO.NS,Rajesh Exports Limited,BZ
RAJMET,NSE,RAJMET.NS,Rajnandini Metal Limited,EQ
RAJOOENG,NSE,RAJOOENG.NS,Rajoo Engineers Limited,BE
RAJPALAYAM,NSE,RAJPALAYAM.NS,Rajapalayam Mills Limited,EQ
RAJRATAN,NSE,RAJRATAN.NS,Rajratan Global Wire Limited,EQ
RAJRILTD,NSE,RAJRILTD.NS,Raj Rayon Industries Limited,BE
RAJSREESUG,NSE,RAJSREESUG.NS,Rajshree Sugars & Chemicals Limited,EQ
RAJTV,NSE,RAJTV.NS,Raj Television Network Limited,EQ
RAJVIR,NSE,RAJVIR.NS,Rajvir Industries Limited,BZ
RALLIS,NSE,RALLIS.NS,Rallis India Limited,EQ
RAMANEWS,NSE,RAMANEWS.NS,Shree Rama Newsprint Limited,EQ
RAMAPHO,NSE,RAMAPHO.NS,Rama Phosphates Limited,EQ
RAMASTEEL,NSE,RAMASTEEL.NS,Rama Steel Tubes Limited,BE
RAMBHAJO,NSE,RAMBHAJO.NS,Advit Jewels Limited,EQ
RAMCOCEM,NSE,RAMCOCEM.NS,The Ramco Cements Limited,EQ
RAMCOIND,NSE,RAMCOIND.NS,Ramco Industries Limited,EQ
RAMCOSYS,NSE,RAMCOSYS.NS,Ramco Systems Limited,EQ
RAMKY,NSE,RAMKY.NS,Ramky Infrastructure Limited,EQ
RAMRAT,NSE,RAMRAT.NS,Ram Ratna Wires Limited,EQ
RANASUG,NSE,RANASUG.NS,Rana Sugars Limited,EQ
RANEHOLDIN,NSE,RANEHOLDIN.NS,Rane Holdings Limited,EQ
RATEGAIN,NSE,RATEGAIN.NS,Rategain Travel Technologies Limited,EQ
RATNAMANI,NSE,RATNAMANI.NS,Ratnamani Metals & Tubes Limited,EQ
RATNAVEER,NSE,RATNAVEER.NS,Ratnaveer Precision Engineering Limited,EQ
RAYMOND,NSE,RAYMOND.NS,Raymond Limited,EQ
RAYMONDLSL,NSE,RAYMONDLSL.NS,Raymond Lifestyle Limited,EQ
RAYMONDREL,NSE,RAYMONDREL.NS,Raymond Realty Limited,EQ
RBA,NSE,RBA.NS,Restaurant Brands Asia Limited,EQ
RBLBANK,NSE,RBLBANK.NS,RBL Bank Limited,EQ
RBZJEWEL,NSE,RBZJEWEL.NS,RBZ Jewellers Limited,BE
RCF,NSE,RCF.NS,Rashtriya Chemicals and Fertilizers Limited,EQ
RCOM,NSE,RCOM.NS,Reliance Communications Limited,BE
RECLTD,NSE,RECLTD.NS,REC Limited,EQ
REDINGTON,NSE,REDINGTON.NS,Redington Limited,EQ
REDTAPE,NSE,REDTAPE.NS,Redtape Limited,EQ
REFEX,NSE,REFEX.NS,Refex Industries Limited,EQ
REGAAL,NSE,REGAAL.NS,Regaal Resources Limited,EQ
REGENCERAM,NSE,REGENCERAM.NS,Regency Ceramics Limited,EQ
RELAXO,NSE,RELAXO.NS,Relaxo Footwears Limited,EQ
RELCHEMQ,NSE,RELCHEMQ.NS,Reliance Chemotex Industries Limited,EQ
RELIABLE,NSE,RELIABLE.NS,Reliable Data Services Limited,EQ
RELIANCE,NSE,RELIANCE.NS,Reliance Industries Limited,EQ
RELIGARE,NSE,RELIGARE.NS,Religare Enterprises Limited,EQ
RELINFRA,NSE,RELINFRA.NS,Reliance Infrastructure Limited,BE
RELTD,NSE,RELTD.NS,Ravindra Energy Limited,EQ
REMSONSIND,NSE,REMSONSIND.NS,Remsons Industries Limited,EQ
RENTOMOJO,NSE,RENTOMOJO.NS,Rentomojo Limited,EQ
RENUKA,NSE,RENUKA.NS,Shree Renuka Sugars Limited,EQ
REPCOHOME,NSE,REPCOHOME.NS,Repco Home Finance Limited,EQ
REPL,NSE,REPL.NS,Rudrabhishek Enterprises Limited,EQ
REPRO,NSE,REPRO.NS,Repro India Limited,EQ
RESPONIND,NSE,RESPONIND.NS,Responsive Industries Limited,EQ
RETAIL,NSE,RETAIL.NS,JHS Svendgaard Retail Ventures Limited,EQ
RGL,NSE,RGL.NS,Renaissance Global Limited,EQ
RHETAN,NSE,RHETAN.NS,Rhetan TMT Limited,EQ
RHFL,NSE,RHFL.NS,Reliance Home Finance Limited,BZ
RHIM,NSE,RHIM.NS,RHI MAGNESITA INDIA LIMITED,EQ
RHL,NSE,RHL.NS,Robust Hotels Limited,EQ
RICOAUTO,NSE,RICOAUTO.NS,Rico Auto Industries Limited,EQ
RIIL,NSE,RIIL.NS,Reliance Industrial Infrastructure Limited,EQ
RIR,NSE,RIR.NS,RIR Power Electronics Limited,EQ
RISHABH,NSE,RISHABH.NS,Rishabh Instruments Limited,EQ
RITCO,NSE,RITCO.NS,Ritco Logistics Limited,EQ
RITES,NSE,RITES.NS,RITES Limited,EQ
RKDL,NSE,RKDL.NS,Ravi Kumar Distilleries Limited,EQ
RKEC,NSE,RKEC.NS,RKEC Projects Limited,EQ
RKFORGE,NSE,RKFORGE.NS,Ramkrishna Forgings Limited,EQ
RKSWAMY,NSE,RKSWAMY.NS,R K Swamy Limited,EQ
RMC,NSE,RMC.NS,RMC Switchgears Limited,EQ
RMDRIP,NSE,RMDRIP.NS,R M Drip and Sprinklers Systems Limited,BE
RML,NSE,RML.NS,Rane (Madras) Limited,EQ
RNBDENIMS,NSE,RNBDENIMS.NS,R&B Denims Limited,BE
ROHLTD,NSE,ROHLTD.NS,Royal Orchid Hotels Limited,EQ
ROLEXRINGS,NSE,ROLEXRINGS.NS,Rolex Rings Limited,EQ
ROLLT,NSE,ROLLT.NS,Rollatainers Limited,BE
ROML,NSE,ROML.NS,Raj Oil Mills Limited,EQ
ROSSARI,NSE,ROSSARI.NS,Rossari Biotech Limited,EQ
ROSSELLIND,NSE,ROSSELLIND.NS,Rossell India Limited,EQ
ROSSTECH,NSE,ROSSTECH.NS,Rossell Techsys Limited,EQ
ROTO,NSE,ROTO.NS,Roto Pumps Limited,EQ
ROUTE,NSE,ROUTE.NS,ROUTE MOBILE LIMITED,EQ
RPEL,NSE,RPEL.NS,Raghav Productivity Enhancers Limited,EQ
RPGLIFE,NSE,RPGLIFE.NS,RPG Life Sciences Limited,EQ
RPOWER,NSE,RPOWER.NS,Reliance Power Limited,EQ
RPPINFRA,NSE,RPPINFRA.NS,R.P.P. Infra Projects Limited,EQ
RPPL,NSE,RPPL.NS,Rajshree Polypack Limited,BE
RPSGVENT,NSE,RPSGVENT.NS,RPSG VENTURES LIMITED,EQ
RPTECH,NSE,RPTECH.NS,Rashi Peripherals Limited,EQ
RRECL,NSE,RRECL.NS,RDB Real Estate Constructions Limited,EQ
RRIL,NSE,RRIL.NS,RRIL Limited,EQ
RRKABEL,NSE,RRKABEL.NS,R R Kabel Limited,EQ
RSDFIN,NSE,RSDFIN.NS,RSD Finance Limited,BE
RSL,NSE,RSL.NS,Rajputana Stainless Limited,EQ
RSSOFTWARE,NSE,RSSOFTWARE.NS,R. S. Software (India) Limited,EQ
RSWM,NSE,RSWM.NS,RSWM Limited,EQ
RSYSTEMS,NSE,RSYSTEMS.NS,R Systems International Limited,EQ
RTNINDIA,NSE,RTNINDIA.NS,RattanIndia Enterprises Limited,EQ
RTNPOWER,NSE,RTNPOWER.NS,RattanIndia Power Limited,EQ
RTSPOWR,NSE,RTSPOWR.NS,RTS Power Corporation Limited,EQ
RUBFILA,NSE,RUBFILA.NS,Rubfila International Limited,EQ
RUBICON,NSE,RUBICON.NS,Rubicon Research Limited,EQ
RUBYMILLS,NSE,RUBYMILLS.NS,The Ruby Mills Limited,EQ
RUCHINFRA,NSE,RUCHINFRA.NS,Ruchi Infrastructure Limited,EQ
RUCHIRA,NSE,RUCHIRA.NS,Ruchira Papers Limited,EQ
RUDRA,NSE,RUDRA.NS,Rudra Global Infra Products Limited,EQ
RUPA,NSE,RUPA.NS,Rupa & Company Limited,EQ
RUSHIL,NSE,RUSHIL.NS,Rushil Decor Limited,EQ
RUSTOMJEE,NSE,RUSTOMJEE.NS,Keystone Realtors Limited,EQ
RVHL,NSE,RVHL.NS,Ravinder Heights Limited,EQ
RVNL,NSE,RVNL.NS,Rail Vikas Nigam Limited,EQ
RVTH,NSE,RVTH.NS,Revathi Equipment India Limited,EQ
S&SPOWER,NSE,S&SPOWER.NS,S&S Power Switchgears Limited,EQ
SAATVIKGL,NSE,SAATVIKGL.NS,Saatvik Green Energy Limited,EQ
SAB,NSE,SAB.NS,SAB Industries Limited,EQ
SADBHAV,NSE,SADBHAV.NS,Sadbhav Engineering Limited,EQ
SADBHIN,NSE,SADBHIN.NS,Sadbhav Infrastructure Project Limited,EQ
SADHNANIQ,NSE,SADHNANIQ.NS,Sadhana Nitrochem Limited,BE
SAFARI,NSE,SAFARI.NS,Safari Industries (India) Limited,EQ
SAGARDEEP,NSE,SAGARDEEP.NS,Sagardeep Alloys Limited,EQ
SAGCEM,NSE,SAGCEM.NS,Sagar Cements Limited,EQ
SAGILITY,NSE,SAGILITY.NS,SAGILITY LIMITED,EQ
SAHLIBHFI,NSE,SAHLIBHFI.NS,Shalibhadra Finance Limited,EQ
SAHYADRI,NSE,SAHYADRI.NS,Sahyadri Industries Limited,EQ
SAICAPI,NSE,SAICAPI.NS,Sai Capital Limited,EQ
SAIL,NSE,SAIL.NS,Steel Authority of India Limited,EQ
SAILIFE,NSE,SAILIFE.NS,Sai Life Sciences Limited,EQ
SAIPARENT,NSE,SAIPARENT.NS,Sai Parenterals Limited,EQ
SAKAR,NSE,SAKAR.NS,Sakar Healthcare Limited,EQ
SAKHTISUG,NSE,SAKHTISUG.NS,Sakthi Sugars Limited,EQ
SAKSOFT,NSE,SAKSOFT.NS,Saksoft Limited,EQ
SAKUMA,NSE,SAKUMA.NS,Sakuma Exports Limited,EQ
SALASAR,NSE,SALASAR.NS,Salasar Techno Engineering Limited,EQ
SALONA,NSE,SALONA.NS,Salona Cotspin Limited,EQ
SALSTEEL,NSE,SALSTEEL.NS,S.A.L. Steel Limited,EQ
SALZERELEC,NSE,SALZERELEC.NS,Salzer Electronics Limited,EQ
SAMBANDAM,NSE,SAMBANDAM.NS,Sambandam Spinning Mills Limited,EQ
SAMBHAAV,NSE,SAMBHAAV.NS,Sambhaav Media Limited,EQ
SAMBHV,NSE,SAMBHV.NS,Sambhv Steel Tubes Limited,EQ
SAMHI,NSE,SAMHI.NS,Samhi Hotels Limited,EQ
SAMMAANCAP,NSE,SAMMAANCAP.NS,Sammaan Capital Limited,EQ
SAMPANN,NSE,SAMPANN.NS,Sampann Utpadan India Limited,EQ
SANATHAN,NSE,SANATHAN.NS,Sanathan Textiles Limited,EQ
SANDESH,NSE,SANDESH.NS,The Sandesh Limited,EQ
SANDHAR,NSE,SANDHAR.NS,Sandhar Technologies Limited,EQ
SANDUMA,NSE,SANDUMA.NS,Sandur Manganese & Iron Ores Limited,EQ
SANGAMIND,NSE,SANGAMIND.NS,Sangam (India) Limited,EQ
SANGHVIMOV,NSE,SANGHVIMOV.NS,Sanghvi Movers Limited,EQ
SANOFI,NSE,SANOFI.NS,Sanofi India Limited,EQ
SANOFICONR,NSE,SANOFICONR.NS,Sanofi Consumer Healthcare India Limited,EQ
SANSERA,NSE,SANSERA.NS,Sansera Engineering Limited,EQ
SANSTAR,NSE,SANSTAR.NS,Sanstar Limited,EQ
SANWARIA,NSE,SANWARIA.NS,Sanwaria Consumer Limited,BZ
SAPPHIRE,NSE,SAPPHIRE.NS,Sapphire Foods India Limited,EQ
SAPPL,NSE,SAPPL.NS,Shree Ajit Pulp & Paper Limited,EQ
SARDAEN,NSE,SARDAEN.NS,Sarda Energy & Minerals Limited,EQ
SAREGAMA,NSE,SAREGAMA.NS,Saregama India Limited,EQ
SARLAPOLY,NSE,SARLAPOLY.NS,Sarla Performance Fibers Limited,EQ
SARVESHWAR,NSE,SARVESHWAR.NS,Sarveshwar Foods Limited,EQ
SASKEN,NSE,SASKEN.NS,Sasken Technologies Limited,EQ
SATIA,NSE,SATIA.NS,Satia Industries Limited,EQ
SATIN,NSE,SATIN.NS,Satin Creditcare Network Limited,EQ
SAURASHCEM,NSE,SAURASHCEM.NS,Saurashtra Cement Limited,EQ
SAYAJIHOTL,NSE,SAYAJIHOTL.NS,Sayaji Hotels Limited,EQ
SAYAJIIND,NSE,SAYAJIIND.NS,Sayaji Industries Limited,EQ
SBC,NSE,SBC.NS,SBC Exports Limited,EQ
SBCL,NSE,SBCL.NS,Shivalik Bimetal Controls Limited,EQ
SBFC,NSE,SBFC.NS,SBFC Finance Limited,EQ
SBGLP,NSE,SBGLP.NS,Suratwwala Business Group Limited,EQ
SBICARD,NSE,SBICARD.NS,SBI Cards and Payment Services Limited,EQ
SBIFUNDS,NSE,SBIFUNDS.NS,SBI Funds Management Limited,EQ
SBILIFE,NSE,SBILIFE.NS,SBI Life Insurance Company Limited,EQ
SBIN,NSE,SBIN.NS,State Bank of India,EQ
SCANSTL,NSE,SCANSTL.NS,Scan Steels Limited,BE
SCHAEFFLER,NSE,SCHAEFFLER.NS,Schaeffler India Limited,EQ
SCHAND,NSE,SCHAND.NS,S Chand And Company Limited,EQ
SCHNEIDER,NSE,SCHNEIDER.NS,Schneider Electric Infrastructure Limited,EQ
SCI,NSE,SCI.NS,Shipping Corporation Of India Limited,EQ
SCILAL,NSE,SCILAL.NS,Shipping Corporation of India Land and Assets Limited,EQ
SCODATUBES,NSE,SCODATUBES.NS,Scoda Tubes Limited,EQ
SCPL,NSE,SCPL.NS,Sheetal Cool Products Limited,BE
SDBL,NSE,SDBL.NS,Som Distilleries & Breweries Limited,EQ
SEAMECLTD,NSE,SEAMECLTD.NS,Seamec Limited,EQ
SECMARK,NSE,SECMARK.NS,SecMark Consultancy Limited,EQ
SECURKLOUD,NSE,SECURKLOUD.NS,SECUREKLOUD TECHNOLOGIES LIMITED,EQ
SEDEMAC,NSE,SEDEMAC.NS,SEDEMAC Mechatronics Limited,EQ
SEIL,NSE,SEIL.NS,Shanti Educational Initiatives Limited,EQ
SEJALLTD,NSE,SEJALLTD.NS,Sejal Glass Limited,EQ
SEKURITIND,NSE,SEKURITIND.NS,Saint Gobain Sekurit India Limited,EQ
SELMC,NSE,SELMC.NS,SEL Manufacturing Company Limited,BE
SEMAC,NSE,SEMAC.NS,Semac Construction Limited,EQ
SENCO,NSE,SENCO.NS,Senco Gold Limited,EQ
SENORES,NSE,SENORES.NS,Senores Pharmaceuticals Limited,EQ
SEPC,NSE,SEPC.NS,SEPC Limited,EQ
SERVOTECH,NSE,SERVOTECH.NS,Servotech Renewable Power System Limited,EQ
SESHAPAPER,NSE,SESHAPAPER.NS,Seshasayee Paper and Boards Limited,EQ
SETCO,NSE,SETCO.NS,Setco Automotive Limited,BE
SETL,NSE,SETL.NS,Standard Engineering Technology Limited,EQ
SETUINFRA,NSE,SETUINFRA.NS,Setubandhan Infrastructure Limited,BZ
SEYAIND,NSE,SEYAIND.NS,Seya Industries Limited,BE
SFL,NSE,SFL.NS,Sheela Foam Limited,EQ
SGFIN,NSE,SGFIN.NS,SG Finserve Limited,EQ
SGIL,NSE,SGIL.NS,Synergy Green Industries Limited,EQ
SGL,NSE,SGL.NS,STL Global Limited,EQ
SGLRES,NSE,SGLRES.NS,SGL Resources Limited,EQ
SGMART,NSE,SGMART.NS,SG Mart Limited,EQ
SGRL,NSE,SGRL.NS,Shree Ganesh Remedies Limited,EQ
SHADOWFAX,NSE,SHADOWFAX.NS,Shadowfax Technologies Limited,EQ
SHAH,NSE,SHAH.NS,Shah Metacorp Limited,EQ
SHAHALLOYS,NSE,SHAHALLOYS.NS,Shah Alloys Limited,BE
SHAILY,NSE,SHAILY.NS,Shaily Engineering Plastics Limited,EQ
SHAKTIPUMP,NSE,SHAKTIPUMP.NS,Shakti Pumps (India) Limited,EQ
SHALBY,NSE,SHALBY.NS,Shalby Limited,EQ
SHALPAINTS,NSE,SHALPAINTS.NS,Shalimar Paints Limited,BE
SHANKARA,NSE,SHANKARA.NS,Shankara Building Products Limited,EQ
SHANKESH,NSE,SHANKESH.NS,Shankesh Jewellers Limited,EQ
SHANTI,NSE,SHANTI.NS,Shanti Overseas (India) Limited,EQ
SHANTIGEAR,NSE,SHANTIGEAR.NS,Shanthi Gears Limited,EQ
SHANTIGOLD,NSE,SHANTIGOLD.NS,Shanti Gold International Limited,EQ
SHARDACROP,NSE,SHARDACROP.NS,Sharda Cropchem Limited,EQ
SHARDAMOTR,NSE,SHARDAMOTR.NS,Sharda Motor Industries Limited,EQ
SHARDUL,NSE,SHARDUL.NS,Shardul Securities Limited,BE
SHAREINDIA,NSE,SHAREINDIA.NS,Share India Securities Limited,EQ
SHBAJRG,NSE,SHBAJRG.NS,Shri Bajrang Alliance Limited,EQ
SHEKHAWATI,NSE,SHEKHAWATI.NS,Shekhawati Industries Limited,BE
SHEMAROO,NSE,SHEMAROO.NS,Shemaroo Entertainment Limited,EQ
SHERVANI,NSE,SHERVANI.NS,Shervani Industrial Syndicate Limited,EQ
SHILCTECH,NSE,SHILCTECH.NS,Shilchar Technologies Limited,EQ
SHILGRAVQ,NSE,SHILGRAVQ.NS,Shilp Gravures Limited,EQ
SHILPAMED,NSE,SHILPAMED.NS,Shilpa Medicare Limited,EQ
SHINDL,NSE,SHINDL.NS,Sharat Industries Limited,EQ
SHIPROCKET,NSE,SHIPROCKET.NS,Shiprocket Limited,EQ
SHIVAAGRO,NSE,SHIVAAGRO.NS,Shiva Global Agro Industries Limited,EQ
SHIVACEM,NSE,SHIVACEM.NS,Shiva Cement Limited,EQ
SHIVALIK,NSE,SHIVALIK.NS,Shivalik Rasayan Limited,EQ
SHIVAMAUTO,NSE,SHIVAMAUTO.NS,Shivam Autotech Limited,EQ
SHIVAMILLS,NSE,SHIVAMILLS.NS,Shiva Mills Limited,EQ
SHIVATEX,NSE,SHIVATEX.NS,Shiva Texyarn Limited,EQ
SHIVAUM,NSE,SHIVAUM.NS,Shiv Aum Steels Limited,EQ
SHK,NSE,SHK.NS,S H Kelkar and Company Limited,EQ
SHOPERSTOP,NSE,SHOPERSTOP.NS,Shoppers Stop Limited,EQ
SHRADDHA,NSE,SHRADDHA.NS,Shraddha Prime Projects Limited,EQ
SHRADHA,NSE,SHRADHA.NS,Shradha Realty Limited,EQ
SHREDIGCEM,NSE,SHREDIGCEM.NS,Shree Digvijay Cement Co.Ltd,EQ
SHREECEM,NSE,SHREECEM.NS,SHREE CEMENT LIMITED,EQ
SHREEJISPG,NSE,SHREEJISPG.NS,Shreeji Shipping Global Limited,EQ
SHREEPUSHK,NSE,SHREEPUSHK.NS,Shree Pushkar Chemicals & Fertilisers Limited,EQ
SHREERAMA,NSE,SHREERAMA.NS,Shree Rama Multi-Tech Limited,EQ
SHRENIK,NSE,SHRENIK.NS,Shrenik Limited,BZ
SHREYANIND,NSE,SHREYANIND.NS,Shreyans Industries Limited,EQ
SHRIKRISH,NSE,SHRIKRISH.NS,Shri Krishna Devcon Limited,EQ
SHRINGARMS,NSE,SHRINGARMS.NS,Shringar House of Mangalsutra Limited,EQ
SHRIPISTON,NSE,SHRIPISTON.NS,SPR Auto Technologies Limited,EQ
SHRIRAMFIN,NSE,SHRIRAMFIN.NS,Shriram Finance Limited,EQ
SHRIRAMPPS,NSE,SHRIRAMPPS.NS,Shriram Properties Limited,EQ
SHRJAGP,NSE,SHRJAGP.NS,Shri Jagdamba Polymers Limited,EQ
SHUKRAPHAR,NSE,SHUKRAPHAR.NS,Shukra Pharmaceuticals Limited,EQ
SHYAMCENT,NSE,SHYAMCENT.NS,Shyam Century Ferrous Limited,BE
SHYAMMETL,NSE,SHYAMMETL.NS,Shyam Metalics and Energy Limited,EQ
SHYAMTEL,NSE,SHYAMTEL.NS,Shyam Telecom Limited,EQ
SICAGEN,NSE,SICAGEN.NS,Sicagen India Limited,EQ
SICALLOG,NSE,SICALLOG.NS,Sical Logistics Limited,BE
SIEL,NSE,SIEL.NS,Superior Industrial Enterprises Limited,EQ
SIEMENS,NSE,SIEMENS.NS,Siemens Limited,EQ
SIGACHI,NSE,SIGACHI.NS,Sigachi Industries Limited,EQ
SIGIND,NSE,SIGIND.NS,Signet Industries Limited,BE
SIGMA,NSE,SIGMA.NS,Sigma Solve Limited,EQ
SIGMAADV,NSE,SIGMAADV.NS,SIGMA ADVANCED SYSTEMS LIMITED,BE
SIGNATURE,NSE,SIGNATURE.NS,Signatureglobal (India) Limited,EQ
SIGNPOST,NSE,SIGNPOST.NS,Signpost India Limited,EQ
SIKA,NSE,SIKA.NS,Sika Interplant Systems Limited,EQ
SIKKO,NSE,SIKKO.NS,Sikko Industries Limited,BE
SIL,NSE,SIL.NS,Standard Industries Limited,EQ
SILGO,NSE,SILGO.NS,Silgo Retail Limited,EQ
SILINV,NSE,SILINV.NS,SIL Investments Limited,EQ
SILVERTUC,NSE,SILVERTUC.NS,Silver Touch Technologies Limited,EQ
SIMBHALS,NSE,SIMBHALS.NS,Simbhaoli Sugars Limited,BZ
SIMPLEXINF,NSE,SIMPLEXINF.NS,Simplex Infrastructures Limited,EQ
SIMPLXREA,NSE,SIMPLXREA.NS,Simplex Realty Limited,EQ
SINCLAIR,NSE,SINCLAIR.NS,Sinclairs Hotels Limited,EQ
SINDHUTRAD,NSE,SINDHUTRAD.NS,Sindhu Trade Links Limited,EQ
SINGERIND,NSE,SINGERIND.NS,Singer India Limited,EQ
SINTERCOM,NSE,SINTERCOM.NS,Sintercom India Limited,EQ
SIRCA,NSE,SIRCA.NS,Sirca Paints India Limited,EQ
SIS,NSE,SIS.NS,SIS LIMITED,EQ
SITINET,NSE,SITINET.NS,Siti Networks Limited,BZ
SIYSIL,NSE,SIYSIL.NS,Siyaram Silk Mills Limited,EQ
SJS,NSE,SJS.NS,S.J.S. Enterprises Limited,EQ
SJVN,NSE,SJVN.NS,SJVN Limited,EQ
SKFINDIA,NSE,SKFINDIA.NS,SKF India Limited,EQ
SKFINDUS,NSE,SKFINDUS.NS,SKF India (Industrial) Limited,EQ
SKIL,NSE,SKIL.NS,SKIL Infrastructure Limited,BZ
SKIPPER,NSE,SKIPPER.NS,Skipper Limited,EQ
SKMEGGPROD,NSE,SKMEGGPROD.NS,SKM Egg Products Export (India) Limited,EQ
SKYGOLD,NSE,SKYGOLD.NS,SKY GOLD AND DIAMONDS LIMITED,EQ
SKYWAYS,NSE,SKYWAYS.NS,Skyways Air Services Limited,EQ
SMARTLINK,NSE,SMARTLINK.NS,Smartlink Holdings Limited,BE
SMARTWORKS,NSE,SMARTWORKS.NS,Smartworks Coworking Spaces Limited,EQ
SMCGLOBAL,NSE,SMCGLOBAL.NS,SMC Global Securities Limited,EQ
SMLMAH,NSE,SMLMAH.NS,SML Mahindra Limited,EQ
SMLT,NSE,SMLT.NS,Sarthak Metals Limited,EQ
SMSPHARMA,NSE,SMSPHARMA.NS,SMS Pharmaceuticals Limited,EQ
SNOWMAN,NSE,SNOWMAN.NS,Snowman Logistics Limited,EQ
SOBHA,NSE,SOBHA.NS,Sobha Limited,EQ
SOFTTECH,NSE,SOFTTECH.NS,Softtech Engineers Limited,EQ
SOLARA,NSE,SOLARA.NS,Solara Active Pharma Sciences Limited,EQ
SOLARINDS,NSE,SOLARINDS.NS,Solar Industries India Limited,EQ
SOLARWORLD,NSE,SOLARWORLD.NS,Solarworld Energy Solutions Limited,EQ
SOLEX,NSE,SOLEX.NS,Solex Energy Limited,EQ
SOMANYCERA,NSE,SOMANYCERA.NS,Somany Ceramics Limited,EQ
SOMATEX,NSE,SOMATEX.NS,Soma Textiles & Industries Limited,EQ
SOMICONVEY,NSE,SOMICONVEY.NS,Somi Conveyor Beltings Limited,EQ
SONA,NSE,SONA.NS,Sonaselection India Limited,BE
SONACOMS,NSE,SONACOMS.NS,Sona BLW Precision Forgings Limited,EQ
SONAL,NSE,SONAL.NS,Sonal Mercantile Limited,EQ
SONAMLTD,NSE,SONAMLTD.NS,SONAM LIMITED,BE
SONATSOFTW,NSE,SONATSOFTW.NS,Sonata Software Limited,EQ
SOTL,NSE,SOTL.NS,Savita Oil Technologies Limited,EQ
SOUTHBANK,NSE,SOUTHBANK.NS,The South Indian Bank Limited,EQ
SOUTHWEST,NSE,SOUTHWEST.NS,South West Pinnacle Exploration Limited,EQ
SPAL,NSE,SPAL.NS,S. P. Apparels Limited,EQ
SPANDANA,NSE,SPANDANA.NS,Spandana Sphoorty Financial Limited,EQ
SPARC,NSE,SPARC.NS,Sun Pharma Advanced Research Company Limited,EQ
SPCENET,NSE,SPCENET.NS,Spacenet Enterprises India Limited,EQ
SPECIALITY,NSE,SPECIALITY.NS,Speciality Restaurants Limited,BE
SPECTRUM,NSE,SPECTRUM.NS,Spectrum Electrical Industries Limited,BE
SPELS,NSE,SPELS.NS,SPEL Semiconductor Limited,BE
SPENCERS,NSE,SPENCERS.NS,Spencer's Retail Limited,EQ
SPIC,NSE,SPIC.NS,Southern Petrochemicals Industries Corporation  Limited,EQ
SPLIL,NSE,SPLIL.NS,SPL Industries Limited,EQ
SPLPETRO,NSE,SPLPETRO.NS,Supreme Petrochem Limited,EQ
SPMLINFRA,NSE,SPMLINFRA.NS,SPML Infra Limited,EQ
SPORTKING,NSE,SPORTKING.NS,Sportking India Limited,EQ
SRD,NSE,SRD.NS,Shankar Lal Rampal Dye-Chem Limited,EQ
SREEL,NSE,SREEL.NS,Sreeleathers Limited,BE
SRF,NSE,SRF.NS,SRF Limited,EQ
SRGHFL,NSE,SRGHFL.NS,SRG Housing Finance Limited,EQ
SRHHYPOLTD,NSE,SRHHYPOLTD.NS,Sree Rayalaseema Hi-Strength Hypo Limited,EQ
SRIKPRIND,NSE,SRIKPRIND.NS,Sri KPR Industries Limited,BE
SRM,NSE,SRM.NS,SRM Contractors Limited,EQ
SRTL,NSE,SRTL.NS,Shree Ram Twistex Limited,EQ
SSDL,NSE,SSDL.NS,Saraswati Saree Depot Limited,EQ
SSRETAIL,NSE,SSRETAIL.NS,SS Retail Limited,EQ
SSWL,NSE,SSWL.NS,Steel Strips Wheels Limited,EQ
STALLION,NSE,STALLION.NS,Stallion India Fluorochemicals Limited,BE
STANLEY,NSE,STANLEY.NS,Stanley Lifestyles Limited,EQ
STAR,NSE,STAR.NS,Strides Pharma Science Limited,EQ
STARCEMENT,NSE,STARCEMENT.NS,Star Cement Limited,EQ
STARHEALTH,NSE,STARHEALTH.NS,Star Health and Allied Insurance Company Limited,EQ
STARPAPER,NSE,STARPAPER.NS,Star Paper Mills Limited,EQ
STARTECK,NSE,STARTECK.NS,Starteck Finance Limited,EQ
STCINDIA,NSE,STCINDIA.NS,The State Trading Corporation of India Limited,EQ
STEAMHOUSE,NSE,STEAMHOUSE.NS,Steamhouse India Limited,EQ
STEELCAS,NSE,STEELCAS.NS,Steelcast Limited,EQ
STEELCITY,NSE,STEELCITY.NS,Steel City Securities Limited,EQ
STEELXIND,NSE,STEELXIND.NS,STEEL EXCHANGE INDIA LIMITED,EQ
STEL,NSE,STEL.NS,Stel Holdings Limited,EQ
STERTOOLS,NSE,STERTOOLS.NS,Sterling Tools Limited,EQ
STLNETWORK,NSE,STLNETWORK.NS,STL Networks Limited,EQ
STLSTRINF,NSE,STLSTRINF.NS,Steel Strips Infrastructures Limited,EQ
STLTECH,NSE,STLTECH.NS,Sterlite Technologies Limited,BE
STOVEKRAFT,NSE,STOVEKRAFT.NS,Stove Kraft Limited,EQ
STUDDS,NSE,STUDDS.NS,Studds Accessories Limited,EQ
STYL,NSE,STYL.NS,Seshaasai Technologies Limited,EQ
STYLAMIND,NSE,STYLAMIND.NS,Stylam Industries Limited,EQ
STYLEBAAZA,NSE,STYLEBAAZA.NS,Baazar Style Retail Limited,EQ
STYRENIX,NSE,STYRENIX.NS,Styrenix Performance Materials Limited,EQ
SUBEXLTD,NSE,SUBEXLTD.NS,Subex Limited,EQ
SUBROS,NSE,SUBROS.NS,Subros Limited,EQ
SUDARCOLOR,NSE,SUDARCOLOR.NS,Sudarshan Colorants India Limited,EQ
SUDARSCHEM,NSE,SUDARSCHEM.NS,Sudarshan Chemical Industries Limited,EQ
SUDEEPPHRM,NSE,SUDEEPPHRM.NS,Sudeep Pharma Limited,EQ
SUKHJITS,NSE,SUKHJITS.NS,Sukhjit Starch & Chemicals Limited,EQ
SULA,NSE,SULA.NS,Sula Vineyards Limited,EQ
SUMEDHA,NSE,SUMEDHA.NS,Sumedha Fiscal Services Limited,EQ
SUMEETINDS,NSE,SUMEETINDS.NS,Sumeet Industries Limited,EQ
SUMICHEM,NSE,SUMICHEM.NS,Sumitomo Chemical India Limited,EQ
SUMIT,NSE,SUMIT.NS,Sumit Woods Limited,EQ
SUMMITSEC,NSE,SUMMITSEC.NS,Summit Securities Limited,EQ
SUNCLAY,NSE,SUNCLAY.NS,Sundaram Clayton Limited,EQ
SUNDARAM,NSE,SUNDARAM.NS,Sundaram Multi Pap Limited,EQ
SUNDARMFIN,NSE,SUNDARMFIN.NS,Sundaram Finance Limited,EQ
SUNDRMBRAK,NSE,SUNDRMBRAK.NS,Sundaram Brake Linings Limited,EQ
SUNDRMFAST,NSE,SUNDRMFAST.NS,Sundram Fasteners Limited,EQ
SUNDROP,NSE,SUNDROP.NS,Sundrop Brands Limited,EQ
SUNFLAG,NSE,SUNFLAG.NS,Sunflag Iron And Steel Company Limited,EQ
SUNLOC,NSE,SUNLOC.NS,Sunil Healthcare Limited,EQ
SUNPHARMA,NSE,SUNPHARMA.NS,Sun Pharmaceutical Industries Limited,EQ
SUNRAKSHAK,NSE,SUNRAKSHAK.NS,Sunrakshakk Industries India Limited,EQ
SUNSHIEL,NSE,SUNSHIEL.NS,Sunshield Chemicals Limited,EQ
SUNSHINE,NSE,SUNSHINE.NS,Sunshine Pictures Limited,EQ
SUNTECK,NSE,SUNTECK.NS,Sunteck Realty Limited,EQ
SUNTV,NSE,SUNTV.NS,Sun TV Network Limited,EQ
SUPERHOUSE,NSE,SUPERHOUSE.NS,Superhouse Limited,EQ
SUPERSPIN,NSE,SUPERSPIN.NS,Super Spinning Mills Limited,BE
SUPRAJIT,NSE,SUPRAJIT.NS,Suprajit Engineering Limited,EQ
SUPREME,NSE,SUPREME.NS,Supreme Holdings & Hospitality (India) Limited,EQ
SUPREMEENG,NSE,SUPREMEENG.NS,Supreme Engineering Limited,BZ
SUPREMEIND,NSE,SUPREMEIND.NS,Supreme Industries Limited,EQ
SUPREMEINF,NSE,SUPREMEINF.NS,Supreme Infrastructure India Limited,EQ
SUPRIYA,NSE,SUPRIYA.NS,Supriya Lifescience Limited,EQ
SUPTANERY,NSE,SUPTANERY.NS,Super Tannery Limited,BE
SURAJEST,NSE,SURAJEST.NS,Suraj Estate Developers Limited,EQ
SURAJLTD,NSE,SURAJLTD.NS,Suraj Limited,EQ
SURAKSHA,NSE,SURAKSHA.NS,Suraksha Diagnostic Limited,EQ
SURANASOL,NSE,SURANASOL.NS,Surana Solar Limited,EQ
SURANAT&P,NSE,SURANAT&P.NS,Surana Telecom and Power Limited,EQ
SURYALA,NSE,SURYALA.NS,Suryalata Spinning Mills Limited,EQ
SURYALAXMI,NSE,SURYALAXMI.NS,Suryalakshmi Cotton Mills Limited,EQ
SURYAROSNI,NSE,SURYAROSNI.NS,Surya Roshni Limited,EQ
SURYODAY,NSE,SURYODAY.NS,Suryoday Small Finance Bank Limited,EQ
SUTLEJTEX,NSE,SUTLEJTEX.NS,Sutlej Textiles and Industries Limited,BE
SUVEN,NSE,SUVEN.NS,Suven Life Sciences Limited,EQ
SUVIDHAA,NSE,SUVIDHAA.NS,Suvidhaa Infoserve Limited,EQ
SUYOG,NSE,SUYOG.NS,Suyog Telematics Limited,EQ
SUZLON,NSE,SUZLON.NS,Suzlon Energy Limited,EQ
SVGLOBAL,NSE,SVGLOBAL.NS,S V Global Mill Limited,EQ
SVLL,NSE,SVLL.NS,Shree Vasu Logistics Limited,EQ
SVPGLOB,NSE,SVPGLOB.NS,SVP GLOBAL TEXTILES LIMITED,EQ
SWANCORP,NSE,SWANCORP.NS,SWAN CORP LIMITED,EQ
SWANDEF,NSE,SWANDEF.NS,Swan Defence and Heavy Industries Limited,BE
SWARAJ,NSE,SWARAJ.NS,Swaraj Suiting Limited,BE
SWARAJENG,NSE,SWARAJENG.NS,Swaraj Engines Limited,EQ
SWARNSAR,NSE,SWARNSAR.NS,Swarnsarita Jewels India Limited,EQ
SWELECTES,NSE,SWELECTES.NS,Swelect Energy Systems Limited,EQ
SWIGGY,NSE,SWIGGY.NS,Swiggy Limited,EQ
SWISSMLTRY,NSE,SWISSMLTRY.NS,Swiss Military Consumer Goods Limited,BE
SWSOLAR,NSE,SWSOLAR.NS,Sterling and Wilson Renewable Energy Limited,EQ
SYMBIOTEC,NSE,SYMBIOTEC.NS,Symbiotec Pharmalab Limited,EQ
SYMPHONY,NSE,SYMPHONY.NS,Symphony Limited,EQ
SYNCOMF,NSE,SYNCOMF.NS,Syncom Formulations (India) Limited,EQ
SYNGENE,NSE,SYNGENE.NS,Syngene International Limited,EQ
SYRMA,NSE,SYRMA.NS,Syrma SGS Technology Limited,EQ
SYSTMTXC,NSE,SYSTMTXC.NS,Systematix Corporate Services Limited,BE
TAALTECH,NSE,TAALTECH.NS,Taal Tech Limited,EQ
TAINWALCHM,NSE,TAINWALCHM.NS,Tainwala Chemical and Plastic (I) Limited,EQ
TAJGVK,NSE,TAJGVK.NS,Taj GVK Hotels & Resorts Limited,EQ
TAKE,NSE,TAKE.NS,TAKE Limited,EQ
TALBROAUTO,NSE,TALBROAUTO.NS,Talbros Automotive Components Limited,EQ
TAMBOLIIN,NSE,TAMBOLIIN.NS,Tamboli Industries Limited,BE
TANAA,NSE,TANAA.NS,Taneja Aerospace & Aviation Limited,EQ
TANLA,NSE,TANLA.NS,Tanla Platforms Limited,EQ
TARACHAND,NSE,TARACHAND.NS,Tara Chand InfraLogistic Solutions Limited,EQ
TARAPUR,NSE,TARAPUR.NS,Tarapur Transformers Limited,EQ
TARC,NSE,TARC.NS,TARC Limited,EQ
TARIL,NSE,TARIL.NS,Transformers And Rectifiers (India) Limited,EQ
TARMAT,NSE,TARMAT.NS,Tarmat Limited,EQ
TARSONS,NSE,TARSONS.NS,Tarsons Products Limited,EQ
TASTYBITE,NSE,TASTYBITE.NS,Tasty Bite Eatables Limited,EQ
TATACAP,NSE,TATACAP.NS,Tata Capital Limited,EQ
TATACHEM,NSE,TATACHEM.NS,Tata Chemicals Limited,EQ
TATACOMM,NSE,TATACOMM.NS,Tata Communications Limited,EQ
TATACONSUM,NSE,TATACONSUM.NS,TATA CONSUMER PRODUCTS LIMITED,EQ
TATAELXSI,NSE,TATAELXSI.NS,Tata Elxsi Limited,EQ
TATAINVEST,NSE,TATAINVEST.NS,Tata Investment Corporation Limited,EQ
TATAPOWER,NSE,TATAPOWER.NS,Tata Power Company Limited,EQ
TATASTEEL,NSE,TATASTEEL.NS,Tata Steel Limited,EQ
TATATECH,NSE,TATATECH.NS,Tata Technologies Limited,EQ
TATVA,NSE,TATVA.NS,Tatva Chintan Pharma Chem Limited,EQ
TBOTEK,NSE,TBOTEK.NS,TBO Tek Limited,EQ
TBZ,NSE,TBZ.NS,Tribhovandas Bhimji Zaveri Limited,BE
TCC,NSE,TCC.NS,TCC Concept Limited,EQ
TCI,NSE,TCI.NS,Transport Corporation of India Limited,EQ
TCIEXP,NSE,TCIEXP.NS,TCI Express Limited,EQ
TCIFINANCE,NSE,TCIFINANCE.NS,TCI Finance Limited,EQ
TCPLPACK,NSE,TCPLPACK.NS,TCPL Packaging Limited,EQ
TCS,NSE,TCS.NS,Tata Consultancy Services Limited,EQ
TDPOWERSYS,NSE,TDPOWERSYS.NS,TD Power Systems Limited,EQ
TEAMGTY,NSE,TEAMGTY.NS,Team India Guaranty Limited,EQ
TEAMLEASE,NSE,TEAMLEASE.NS,Teamlease Services Limited,EQ
TECHM,NSE,TECHM.NS,Tech Mahindra Limited,EQ
TECHNOCRAF,NSE,TECHNOCRAF.NS,Technocraft Ventures Limited,EQ
TECHNOE,NSE,TECHNOE.NS,Techno Electric & Engineering Company Limited,EQ
TECHNVISN,NSE,TECHNVISN.NS,TechNVision Ventures Limited,EQ
TECILCHEM,NSE,TECILCHEM.NS,TECIL Chemicals and Hydro Power Limited,EQ
TEGA,NSE,TEGA.NS,Tega Industries Limited,EQ
TEJASNET,NSE,TEJASNET.NS,Tejas Networks Limited,EQ
TEMBO,NSE,TEMBO.NS,Tembo Global Industries Limited,EQ
TEMPSENS,NSE,TEMPSENS.NS,Tempsens Instruments (India) Limited,EQ
TENNIND,NSE,TENNIND.NS,Tenneco Clean Air India Limited,EQ
TERAI,NSE,TERAI.NS,Terai Tea Company Limited,EQ
TERASOFT,NSE,TERASOFT.NS,Tera Software Limited,EQ
TEXINFRA,NSE,TEXINFRA.NS,Texmaco Infrastructure & Holdings Limited,EQ
TEXMOPIPES,NSE,TEXMOPIPES.NS,Texmo Pipes and Products Limited,EQ
TEXRAIL,NSE,TEXRAIL.NS,Texmaco Rail & Engineering Limited,EQ
TFCILTD,NSE,TFCILTD.NS,Tourism Finance Corporation of India Limited,EQ
TFL,NSE,TFL.NS,Transwarranty Finance Limited,EQ
TGBHOTELS,NSE,TGBHOTELS.NS,TGB Banquets And Hotels Limited,EQ
TGVSL,NSE,TGVSL.NS,TGV Sraac Limited,EQ
THACKER,NSE,THACKER.NS,Thacker & Company Limited,EQ
THAKDEV,NSE,THAKDEV.NS,Thakkers Developers Limited,EQ
THANGAMAYL,NSE,THANGAMAYL.NS,Thangamayil Jewellery Limited,EQ
THEINVEST,NSE,THEINVEST.NS,The Investment Trust Of India Limited,EQ
THEJO,NSE,THEJO.NS,Thejo Engineering Limited,EQ
THELEELA,NSE,THELEELA.NS,Leela Palaces Hotels & Resorts Limited,EQ
THEMISMED,NSE,THEMISMED.NS,Themis Medicare Limited,EQ
THERMAX,NSE,THERMAX.NS,Thermax Limited,EQ
THOMASCOOK,NSE,THOMASCOOK.NS,Thomas Cook  (India)  Limited,EQ
THOMASCOTT,NSE,THOMASCOTT.NS,Thomas Scott (India) Limited,EQ
THYROCARE,NSE,THYROCARE.NS,Thyrocare Technologies Limited,EQ
TI,NSE,TI.NS,Tilaknagar Industries Limited,EQ
TICL,NSE,TICL.NS,Twamev Construction and Infrastructure Limited,BE
TIGERLOGS,NSE,TIGERLOGS.NS,Tiger Logistics (India) Limited,EQ
TIIL,NSE,TIIL.NS,Technocraft Industries (India) Limited,EQ
TIINDIA,NSE,TIINDIA.NS,Tube Investments of India Limited,EQ
TIJARIA,NSE,TIJARIA.NS,Tijaria Polypipes Limited,BE
TIL,NSE,TIL.NS,TIL Limited,BE
TIMETECHNO,NSE,TIMETECHNO.NS,Time Technoplast Limited,EQ
TIMEX,NSE,TIMEX.NS,Timex Group India Limited,EQ
TIMKEN,NSE,TIMKEN.NS,Timken India Limited,EQ
TINNARUBR,NSE,TINNARUBR.NS,Tinna Rubber and Infrastructure Limited,EQ
TIPSFILMS,NSE,TIPSFILMS.NS,Tips Films Limited,EQ
TIPSMUSIC,NSE,TIPSMUSIC.NS,Tips Music Limited,EQ
TIRUMALCHM,NSE,TIRUMALCHM.NS,Thirumalai Chemicals Limited,EQ
TIRUPATIFL,NSE,TIRUPATIFL.NS,Tirupati Forge Limited,BE
TITAGARH,NSE,TITAGARH.NS,TITAGARH RAIL SYSTEMS LIMITED,EQ
TITAN,NSE,TITAN.NS,Titan Company Limited,EQ
TMB,NSE,TMB.NS,Tamilnad Mercantile Bank Limited,EQ
TMCV,NSE,TMCV.NS,Tata Motors Limited,EQ
TMPV,NSE,TMPV.NS,Tata Motors Passenger Vehicles Limited,EQ
TNPETRO,NSE,TNPETRO.NS,Tamilnadu PetroProducts Limited,EQ
TNPL,NSE,TNPL.NS,Tamil Nadu Newsprint & Papers Limited,EQ
TNTELE,NSE,TNTELE.NS,Tamilnadu Telecommunication Limited,EQ
TOKYOPLAST,NSE,TOKYOPLAST.NS,Tokyo Plast International Limited,EQ
TOLINS,NSE,TOLINS.NS,Tolins Tyres Limited,EQ
TORNTPHARM,NSE,TORNTPHARM.NS,Torrent Pharmaceuticals Limited,EQ
TORNTPOWER,NSE,TORNTPOWER.NS,Torrent Power Limited,EQ
TOTAL,NSE,TOTAL.NS,Total Transport Systems Limited,BE
TOUCHWOOD,NSE,TOUCHWOOD.NS,Touchwood Entertainment Limited,EQ
TOYAMSL,NSE,TOYAMSL.NS,Toyam Sports Limited,EQ
TPHQ,NSE,TPHQ.NS,Teamo Productions HQ Limited,BE
TPLPLASTEH,NSE,TPLPLASTEH.NS,TPL Plastech Limited,EQ
TRACXN,NSE,TRACXN.NS,Tracxn Technologies Limited,EQ
TRANSCOR,NSE,TRANSCOR.NS,Transcorp International Limited,EQ
TRANSPEK,NSE,TRANSPEK.NS,Transpek Industry Limited,BE
TRANSRAILL,NSE,TRANSRAILL.NS,Transrail Lighting Limited,EQ
TRANSWORLD,NSE,TRANSWORLD.NS,TRANSWORLD SHIPPING LINES LIMITED,BE
TRAVELFOOD,NSE,TRAVELFOOD.NS,Travel Food Services Limited,EQ
TREEHOUSE,NSE,TREEHOUSE.NS,Tree House Education & Accessories Limited,EQ
TREJHARA,NSE,TREJHARA.NS,TREJHARA SOLUTIONS LIMITED,EQ
TREL,NSE,TREL.NS,Transindia Real Estate Limited,EQ
TRENT,NSE,TRENT.NS,Trent Limited,EQ
TRF,NSE,TRF.NS,TRF Limited,EQ
TRIDENT,NSE,TRIDENT.NS,Trident Limited,EQ
TRIGYN,NSE,TRIGYN.NS,Trigyn Technologies Limited,EQ
TRITONV,NSE,TRITONV.NS,Triton Valves Limited,EQ
TRITURBINE,NSE,TRITURBINE.NS,Triveni Turbine Limited,EQ
TRIVENI,NSE,TRIVENI.NS,Triveni Engineering & Industries Limited,EQ
TRU,NSE,TRU.NS,TruCap Finance Limited,EQ
TRUALT,NSE,TRUALT.NS,TruAlt Bioenergy Limited,EQ
TSFINV,NSE,TSFINV.NS,TSF INVESTMENTS LIMITED,EQ
TTKHLTCARE,NSE,TTKHLTCARE.NS,TTK Healthcare Limited,EQ
TTKPRESTIG,NSE,TTKPRESTIG.NS,TTK Prestige Limited,EQ
TTL,NSE,TTL.NS,T T Limited,EQ
TTML,NSE,TTML.NS,Tata Teleservices (Maharashtra) Limited,EQ
TURTLEMINT,NSE,TURTLEMINT.NS,Turtlemint Fintech Solutions Limited,EQ
TUTIALKA,NSE,TUTIALKA.NS,Tuticorin Alkali Chemicals & Fertilizers Limited,EQ
TVSELECT,NSE,TVSELECT.NS,TVS Electronics Limited,EQ
TVSHLTD,NSE,TVSHLTD.NS,TVS Holdings Limited,EQ
TVSMOTOR,NSE,TVSMOTOR.NS,TVS Motor Company Limited,EQ
TVSSCS,NSE,TVSSCS.NS,TVS Supply Chain Solutions Limited,EQ
TVSSRICHAK,NSE,TVSSRICHAK.NS,TVS Srichakra Limited,EQ
TVTODAY,NSE,TVTODAY.NS,TV Today Network Limited,EQ
TVVISION,NSE,TVVISION.NS,TV Vision Limited,BE
UBL,NSE,UBL.NS,United Breweries Limited,EQ
UCAL,NSE,UCAL.NS,UCAL LIMITED,BE
UCOBANK,NSE,UCOBANK.NS,UCO Bank,EQ
UDAYJEW,NSE,UDAYJEW.NS,Uday Jewellery Industries Limited,EQ
UDS,NSE,UDS.NS,Updater Services Limited,EQ
UEL,NSE,UEL.NS,Ujaas Energy Limited,EQ
UFBL,NSE,UFBL.NS,United Foodbrands Limited,BE
UFLEX,NSE,UFLEX.NS,UFLEX Limited,EQ
UFO,NSE,UFO.NS,UFO Moviez India Limited,EQ
UGARSUGAR,NSE,UGARSUGAR.NS,The Ugar Sugar Works Limited,EQ
UGROCAP,NSE,UGROCAP.NS,Ugro Capital Limited,EQ
UJJIVANSFB,NSE,UJJIVANSFB.NS,Ujjivan Small Finance Bank Limited,EQ
ULTRACEMCO,NSE,ULTRACEMCO.NS,UltraTech Cement Limited,EQ
ULTRAMAR,NSE,ULTRAMAR.NS,Ultramarine & Pigments Limited,EQ
UMAEXPORTS,NSE,UMAEXPORTS.NS,Uma Exports Limited,BE
UMESLTD,NSE,UMESLTD.NS,Usha Martin Education & Solutions Limited,EQ
UMIYA-MRO,NSE,UMIYA-MRO.NS,UMIYA BUILDCON LIMITED,EQ
UNICHEMLAB,NSE,UNICHEMLAB.NS,Unichem Laboratories Limited,EQ
UNIDT,NSE,UNIDT.NS,United Drilling Tools Limited,EQ
UNIECOM,NSE,UNIECOM.NS,Unicommerce Esolutions Limited,EQ
UNIENTER,NSE,UNIENTER.NS,Uniphos Enterprises Limited,EQ
UNIINFO,NSE,UNIINFO.NS,Uniinfo Telecom Services Limited,EQ
UNIMECH,NSE,UNIMECH.NS,Unimech Aerospace and Manufacturing Limited,EQ
UNIONBANK,NSE,UNIONBANK.NS,Union Bank of India,EQ
UNIPARTS,NSE,UNIPARTS.NS,Uniparts India Limited,EQ
UNITDSPR,NSE,UNITDSPR.NS,United Spirits Limited,EQ
UNITECH,NSE,UNITECH.NS,Unitech Limited,EQ
UNITEDPOLY,NSE,UNITEDPOLY.NS,United Polyfab Gujarat Limited,EQ
UNITEDTEA,NSE,UNITEDTEA.NS,The United Nilgiri Tea Estates Company Limited,EQ
UNIVAFOODS,NSE,UNIVAFOODS.NS,Univa Foods Limited,BE
UNIVASTU,NSE,UNIVASTU.NS,Univastu India Limited,BE
UNIVCABLES,NSE,UNIVCABLES.NS,Universal Cables Limited,EQ
UNIVPHOTO,NSE,UNIVPHOTO.NS,Universus Photo Imagings Limited,BE
UNOMINDA,NSE,UNOMINDA.NS,UNO Minda Limited,EQ
UPHOT,NSE,UPHOT.NS,U P Hotels Limited,EQ
UPL,NSE,UPL.NS,UPL Limited,EQ
URAVIDEF,NSE,URAVIDEF.NS,Uravi Defence and Technology Limited,BE
URBANCO,NSE,URBANCO.NS,Urban Company Limited,EQ
URJA,NSE,URJA.NS,Urja Global Limited,EQ
USHAMART,NSE,USHAMART.NS,Usha Martin Limited,EQ
USK,NSE,USK.NS,Udayshivakumar Infra Limited,EQ
UTIAMC,NSE,UTIAMC.NS,UTI Asset Management Company Limited,EQ
UTKARSHBNK,NSE,UTKARSHBNK.NS,Utkarsh Small Finance Bank Limited,EQ
UTLSOLAR,NSE,UTLSOLAR.NS,Fujiyama Power Systems Limited,EQ
UTTAMSUGAR,NSE,UTTAMSUGAR.NS,Uttam Sugar Mills Limited,EQ
UYFINCORP,NSE,UYFINCORP.NS,U. Y. Fincorp Limited,BE
V2RETAIL,NSE,V2RETAIL.NS,V2 Retail Limited,EQ
VADILALIND,NSE,VADILALIND.NS,Vadilal Industries Limited,EQ
VADILENT,NSE,VADILENT.NS,Vadilal Enterprises Limited,EQ
VAIBHAVGBL,NSE,VAIBHAVGBL.NS,Vaibhav Global Limited,EQ
VAISHALI,NSE,VAISHALI.NS,Vaishali Pharma Limited,EQ
VAKRANGEE,NSE,VAKRANGEE.NS,Vakrangee Limited,EQ
VALIANTLAB,NSE,VALIANTLAB.NS,Valiant Laboratories Limited,BE
VALIANTORG,NSE,VALIANTORG.NS,Valiant Organics Limited,EQ
VAML,NSE,VAML.NS,Vedanta Aluminium Metal Limited,EQ
VARDHACRLC,NSE,VARDHACRLC.NS,Vardhman Acrylics Limited,BE
VARDMNPOLY,NSE,VARDMNPOLY.NS,Vardhman Polytex Limited,EQ
VARROC,NSE,VARROC.NS,Varroc Engineering Limited,EQ
VASCONEQ,NSE,VASCONEQ.NS,Vascon Engineers Limited,EQ
VASUPRADA,NSE,VASUPRADA.NS,Shri Vasuprada Plantations Limited,EQ
VASWANI,NSE,VASWANI.NS,Vaswani Industries Limited,EQ
VBL,NSE,VBL.NS,Varun Beverages Limited,EQ
VCL,NSE,VCL.NS,Vaxtex Cotfab Limited,BE
VEDAVAAG,NSE,VEDAVAAG.NS,VEDAVAAG Systems Limited,EQ
VEDL,NSE,VEDL.NS,Vedanta Limited,EQ
VEDPOWER,NSE,VEDPOWER.NS,Vedanta Power Limited,EQ
VEEDOL,NSE,VEEDOL.NS,Veedol Corporation Limited,EQ
VEEGALAND,NSE,VEEGALAND.NS,Veegaland Developers Limited,BE
VELJAN,NSE,VELJAN.NS,Veljan Denison Limited,BE
VENKEYS,NSE,VENKEYS.NS,Venky's (India) Limited,EQ
VENTIVE,NSE,VENTIVE.NS,Ventive Hospitality Limited,EQ
VENUSPIPES,NSE,VENUSPIPES.NS,Venus Pipes & Tubes Limited,EQ
VENUSREM,NSE,VENUSREM.NS,Venus Remedies Limited,EQ
VERANDA,NSE,VERANDA.NS,Veranda Learning Solutions Limited,EQ
VERTOZ,NSE,VERTOZ.NS,Vertoz Limited,EQ
VESUVIUS,NSE,VESUVIUS.NS,Vesuvius India Limited,EQ
VETO,NSE,VETO.NS,Veto Switchgears And Cables Limited,EQ
VGCL,NSE,VGCL.NS,Vibrant Global Capital Limited,EQ
VGL,NSE,VGL.NS,VARVEE GLOBAL LIMITED,EQ
VGUARD,NSE,VGUARD.NS,V-Guard Industries Limited,EQ
VHL,NSE,VHL.NS,Vardhman Holdings Limited,EQ
VHLTD,NSE,VHLTD.NS,Viceroy Hotels Limited,BE
VIDHIING,NSE,VIDHIING.NS,Vidhi Specialty Food Ingredients Limited,EQ
VIDYAWIRES,NSE,VIDYAWIRES.NS,Vidya Wires Limited,EQ
VIJAYA,NSE,VIJAYA.NS,Vijaya Diagnostic Centre Limited,EQ
VIJIFIN,NSE,VIJIFIN.NS,Viji Finance Limited,BE
VIJSOLX,NSE,VIJSOLX.NS,Vijay Solvex Limited,EQ
VIKASECO,NSE,VIKASECO.NS,Vikas EcoTech Limited,EQ
VIKASLIFE,NSE,VIKASLIFE.NS,Vikas Lifecare Limited,EQ
VIKRAMSOLR,NSE,VIKRAMSOLR.NS,Vikram Solar Limited,EQ
VIKRAN,NSE,VIKRAN.NS,Vikran Engineering Limited,EQ
VIMTALABS,NSE,VIMTALABS.NS,Vimta Labs Limited,EQ
VINATIORGA,NSE,VINATIORGA.NS,Vinati Organics Limited,EQ
VINCOFE,NSE,VINCOFE.NS,Vintage Coffee And Beverages Limited,EQ
VINDHYATEL,NSE,VINDHYATEL.NS,Vindhya Telelinks Limited,EQ
VINEETLAB,NSE,VINEETLAB.NS,Vineet Laboratories Limited,EQ
VINNY,NSE,VINNY.NS,Vinny Overseas Limited,EQ
VINYLINDIA,NSE,VINYLINDIA.NS,Vinyl Chemicals (India) Limited,EQ
VIPCLOTHNG,NSE,VIPCLOTHNG.NS,VIP Clothing Limited,EQ
VIPIND,NSE,VIPIND.NS,VIP Industries Limited,EQ
VIPULLTD,NSE,VIPULLTD.NS,Vipul Limited,BE
VIRAT,NSE,VIRAT.NS,Virat Industries Limited,EQ
VIRINCHI,NSE,VIRINCHI.NS,Virinchi Limited,EQ
VIRTUALG,NSE,VIRTUALG.NS,Virtual Global Education Limited,BE
VISACHROME,NSE,VISACHROME.NS,VISA Chrome Limited,EQ
VISAKAIND,NSE,VISAKAIND.NS,Visaka Industries Limited,BE
VISHAL,NSE,VISHAL.NS,Vishal Fabrics Limited,EQ
VISHNU,NSE,VISHNU.NS,Vishnu Chemicals Limited,EQ
VISHWARAJ,NSE,VISHWARAJ.NS,Vishwaraj Sugar Industries Limited,EQ
VISL,NSE,VISL.NS,Vedanta Iron and Steel Limited,EQ
VITAL,NSE,VITAL.NS,Vital Chemtech Limited,EQ
VIVIANA,NSE,VIVIANA.NS,Viviana Power Tech Limited,EQ
VIVIDHA,NSE,VIVIDHA.NS,Visagar Polytex Limited,EQ
VIVIMEDLAB,NSE,VIVIMEDLAB.NS,Vivimed Labs Limited,BE
VIVOBIOT,NSE,VIVOBIOT.NS,Vivo Bio Tech Limited,EQ
VIYASH,NSE,VIYASH.NS,Viyash Scientific Limited,EQ
VLEGOV,NSE,VLEGOV.NS,VL E-Governance & IT Solutions Limited,EQ
VLSFINANCE,NSE,VLSFINANCE.NS,VLS Finance Limited,EQ
VMART,NSE,VMART.NS,V-Mart Retail Limited,EQ
VMM,NSE,VMM.NS,Vishal Mega Mart Limited,EQ
VMSTMT,NSE,VMSTMT.NS,VMS TMT Limited,EQ
VOEPL,NSE,VOEPL.NS,Virtuoso Optoelectronics Limited,EQ
VOGL,NSE,VOGL.NS,Vedanta Oil and Gas Limited,EQ
VOITHPAPR,NSE,VOITHPAPR.NS,Voith Paper Fabrics India Limited,EQ
VOLTAMP,NSE,VOLTAMP.NS,Voltamp Transformers Limited,EQ
VOLTAS,NSE,VOLTAS.NS,Voltas Limited,EQ
VPRPL,NSE,VPRPL.NS,Vishnu Prakash R Punglia Limited,EQ
VRAJ,NSE,VRAJ.NS,Vraj Iron and Steel Limited,EQ
VRLLOG,NSE,VRLLOG.NS,VRL Logistics Limited,EQ
VSSL,NSE,VSSL.NS,Vardhman Special Steels Limited,EQ
VSTIND,NSE,VSTIND.NS,VST Industries Limited,EQ
VSTL,NSE,VSTL.NS,Vibhor Steel Tubes Limited,EQ
VSTTILLERS,NSE,VSTTILLERS.NS,V.S.T Tillers Tractors Limited,EQ
VTL,NSE,VTL.NS,Vardhman Textiles Limited,EQ
VTMLTD,NSE,VTMLTD.NS,VTM Limited,EQ
WAAREEENER,NSE,WAAREEENER.NS,Waaree Energies Limited,EQ
WAAREEINDO,NSE,WAAREEINDO.NS,Indosolar Limited,EQ
WAAREERTL,NSE,WAAREERTL.NS,Waaree Renewable Technologies Limited,EQ
WABAG,NSE,WABAG.NS,VA Tech Wabag Limited,EQ
WAKEFIT,NSE,WAKEFIT.NS,Wakefit Innovations Limited,EQ
WALCHANNAG,NSE,WALCHANNAG.NS,Walchandnagar Industries Limited,EQ
WANBURY,NSE,WANBURY.NS,Wanbury Limited,EQ
WARDINMOBI,NSE,WARDINMOBI.NS,Wardwizard Innovations & Mobility Limited,EQ
WATERBASE,NSE,WATERBASE.NS,Waterbase Limited,EQ
WCIL,NSE,WCIL.NS,Western Carriers (India) Limited,EQ
WEALTH,NSE,WEALTH.NS,Wealth First Portfolio Managers Limited,EQ
WEBELSOLAR,NSE,WEBELSOLAR.NS,Websol Energy System Limited,EQ
WEIZMANIND,NSE,WEIZMANIND.NS,Weizmann Limited,EQ
WEL,NSE,WEL.NS,Wonder Electricals Limited,EQ
WELCORP,NSE,WELCORP.NS,Welspun Corp Limited,EQ
WELENT,NSE,WELENT.NS,Welspun Enterprises Limited,EQ
WELINV,NSE,WELINV.NS,Welspun Investments and Commercials Limited,BE
WELSPLSOL,NSE,WELSPLSOL.NS,Welspun Specialty Solutions Limited,EQ
WELSPUNLIV,NSE,WELSPUNLIV.NS,Welspun Living Limited,EQ
WENDT,NSE,WENDT.NS,Wendt (India) Limited,EQ
WESTLIFE,NSE,WESTLIFE.NS,WESTLIFE FOODWORLD LIMITED,EQ
WEWIN,NSE,WEWIN.NS,WE WIN LIMITED,EQ
WEWORK,NSE,WEWORK.NS,WeWork India Management Limited,EQ
WHBRADY,NSE,WHBRADY.NS,WH Brady & Company Limited,EQ
WHEELS,NSE,WHEELS.NS,Wheels India Limited,EQ
WHIRLPOOL,NSE,WHIRLPOOL.NS,Whirlpool of India Limited,EQ
WILLAMAGOR,NSE,WILLAMAGOR.NS,Williamson Magor & Company Limited,EQ
WINDLAS,NSE,WINDLAS.NS,Windlas Biotech Limited,EQ
WINDMACHIN,NSE,WINDMACHIN.NS,Windsor Machines Limited,EQ
WIPL,NSE,WIPL.NS,The Western India Plywoods Limited,EQ
WIPRO,NSE,WIPRO.NS,Wipro Limited,EQ
WOCKPHARMA,NSE,WOCKPHARMA.NS,Wockhardt Limited,EQ
WONDERLA,NSE,WONDERLA.NS,Wonderla Holidays Limited,EQ
WORTHPERI,NSE,WORTHPERI.NS,Worth Peripherals Limited,EQ
WPIL,NSE,WPIL.NS,WPIL Limited,EQ
WSI,NSE,WSI.NS,W S Industries (I) Limited,EQ
WSTCSTPAPR,NSE,WSTCSTPAPR.NS,West Coast Paper Mills Limited,EQ
XCHANGING,NSE,XCHANGING.NS,Xchanging Solutions Limited,EQ
XELPMOC,NSE,XELPMOC.NS,Xelpmoc Design And Tech Limited,EQ
XPROINDIA,NSE,XPROINDIA.NS,Xpro India Limited,EQ
XTGLOBAL,NSE,XTGLOBAL.NS,Xtglobal Infotech Limited,EQ
XTRANET,NSE,XTRANET.NS,Xtranet Technologies Limited,EQ
YASHO,NSE,YASHO.NS,Yasho Industries Limited,EQ
YATHARTH,NSE,YATHARTH.NS,Yatharth Hospital & Trauma Care Services Limited,EQ
YATRA,NSE,YATRA.NS,Yatra Online Limited,EQ
YESBANK,NSE,YESBANK.NS,Yes Bank Limited,EQ
YOGI,NSE,YOGI.NS,Yogi Limited,EQ
YUKEN,NSE,YUKEN.NS,Yuken India Limited,EQ
ZAGGLE,NSE,ZAGGLE.NS,Zaggle Prepaid Ocean Services Limited,EQ
ZEEL,NSE,ZEEL.NS,Zee Entertainment Enterprises Limited,EQ
ZEELEARN,NSE,ZEELEARN.NS,Zee Learn Limited,EQ
ZEEMEDIA,NSE,ZEEMEDIA.NS,Zee Media Corporation Limited,EQ
ZENITHEXPO,NSE,ZENITHEXPO.NS,Zenith Exports Limited,EQ
ZENITHSTL,NSE,ZENITHSTL.NS,Zenith Steel Pipes & Industries Limited,EQ
ZENSARTECH,NSE,ZENSARTECH.NS,Zensar Technologies Limited,EQ
ZENTEC,NSE,ZENTEC.NS,Zen Technologies Limited,EQ
ZFCVINDIA,NSE,ZFCVINDIA.NS,ZF Commercial Vehicle Control Systems India Limited,EQ
ZFSTEERING,NSE,ZFSTEERING.NS,ZF Steering Gear (India) Limited,EQ
ZIMLAB,NSE,ZIMLAB.NS,Zim Laboratories Limited,EQ
ZODIAC,NSE,ZODIAC.NS,Zodiac Energy Limited,EQ
ZODIACLOTH,NSE,ZODIACLOTH.NS,Zodiac Clothing Company Limited,EQ
ZOTA,NSE,ZOTA.NS,Zota Health Care LImited,EQ
ZSARACOM,NSE,ZSARACOM.NS,Saraswati Commercial India Limited,EQ
ZUARI,NSE,ZUARI.NS,Zuari Agro Chemicals Limited,EQ
ZUARIIND,NSE,ZUARIIND.NS,ZUARI INDUSTRIES LIMITED,EQ
ZYDUSLIFE,NSE,ZYDUSLIFE.NS,Zydus Lifesciences Limited,EQ
ZYDUSWELL,NSE,ZYDUSWELL.NS,Zydus Wellness Limited,EQ
ABB,BSE,ABB.BO,ABB India Limited,BSE_EQ
AEGISCHEM,BSE,AEGISCHEM.BO,Aegis Logistics Ltd,BSE_EQ
AMARAJABAT,BSE,AMARAJABAT.BO,Amara Raja Energy & Mobility Ltd,BSE_EQ
ABCAPITAL,BSE,ABCAPITAL.BO,Aditya Birla Capital Ltd,BSE_EQ
BOMDYEING,BSE,BOMDYEING.BO,Bombay Dyeing & Mfg Co Ltd,BSE_EQ
BOMBURMAH,BSE,BOMBURMAH.BO,Bombay Burmah Trading Corp Ltd,BSE_EQ
CENTURYTEX,BSE,CENTURYTEX.BO,Century Textiles & Industries Ltd,BSE_EQ
FORCE,BSE,FORCE.BO,Force Motors Limited,BSE_EQ
GREAVESCOT,BSE,GREAVESCOT.BO,Greaves Cotton Limited,BSE_EQ
HINDZINC,BSE,HINDZINC.BO,Hindustan Zinc Limited,BSE_EQ
INFY,BSE,INFY.BO,Infosys Limited,BSE_EQ
ITC,BSE,ITC.BO,ITC Limited,BSE_EQ
JISLJALEQS,BSE,JISLJALEQS.BO,Jain Irrigation Systems Ltd,BSE_EQ
KOTAKBANK,BSE,KOTAKBANK.BO,Kotak Mahindra Bank Ltd,BSE_EQ
LT,BSE,LT.BO,Larsen & Toubro Ltd,BSE_EQ
MARUTI,BSE,MARUTI.BO,Maruti Suzuki India Limited,BSE_EQ
NTPC,BSE,NTPC.BO,NTPC Limited,BSE_EQ
ONGC,BSE,ONGC.BO,Oil & Natural Gas Corporation Ltd,BSE_EQ
PIDILITIND,BSE,PIDILITIND.BO,Pidilite Industries Ltd,BSE_EQ
RELIANCE,BSE,RELIANCE.BO,Reliance Industries Limited,BSE_EQ
SBIN,BSE,SBIN.BO,State Bank of India,BSE_EQ
TATAMOTORS,BSE,TATAMOTORS.BO,Tata Motors Limited,BSE_EQ
TATASTEEL,BSE,TATASTEEL.BO,Tata Steel Limited,BSE_EQ
TCS,BSE,TCS.BO,Tata Consultancy Services Limited,BSE_EQ
TITAN,BSE,TITAN.BO,Titan Company Limited,BSE_EQ
WIPRO,BSE,WIPRO.BO,Wipro Limited,BSE_EQ
500002,BSE,500002.BO,BSE Listed Security 500002,BSE
500004,BSE,500004.BO,BSE Listed Security 500004,BSE
500005,BSE,500005.BO,BSE Listed Security 500005,BSE
500007,BSE,500007.BO,BSE Listed Security 500007,BSE
500008,BSE,500008.BO,BSE Listed Security 500008,BSE
500009,BSE,500009.BO,BSE Listed Security 500009,BSE
500011,BSE,500011.BO,BSE Listed Security 500011,BSE
500012,BSE,500012.BO,BSE Listed Security 500012,BSE
500013,BSE,500013.BO,BSE Listed Security 500013,BSE
500014,BSE,500014.BO,BSE Listed Security 500014,BSE
500015,BSE,500015.BO,BSE Listed Security 500015,BSE
500016,BSE,500016.BO,BSE Listed Security 500016,BSE
500018,BSE,500018.BO,BSE Listed Security 500018,BSE
500020,BSE,500020.BO,BSE Listed Security 500020,BSE
500021,BSE,500021.BO,BSE Listed Security 500021,BSE
500022,BSE,500022.BO,BSE Listed Security 500022,BSE
500023,BSE,500023.BO,BSE Listed Security 500023,BSE
500025,BSE,500025.BO,BSE Listed Security 500025,BSE
500026,BSE,500026.BO,BSE Listed Security 500026,BSE
500027,BSE,500027.BO,BSE Listed Security 500027,BSE
500028,BSE,500028.BO,BSE Listed Security 500028,BSE
500029,BSE,500029.BO,BSE Listed Security 500029,BSE
500030,BSE,500030.BO,BSE Listed Security 500030,BSE
500033,BSE,500033.BO,BSE Listed Security 500033,BSE
500034,BSE,500034.BO,BSE Listed Security 500034,BSE
500035,BSE,500035.BO,BSE Listed Security 500035,BSE
500036,BSE,500036.BO,BSE Listed Security 500036,BSE
500037,BSE,500037.BO,BSE Listed Security 500037,BSE
500039,BSE,500039.BO,BSE Listed Security 500039,BSE
500040,BSE,500040.BO,BSE Listed Security 500040,BSE
500041,BSE,500041.BO,BSE Listed Security 500041,BSE
500042,BSE,500042.BO,BSE Listed Security 500042,BSE
500043,BSE,500043.BO,BSE Listed Security 500043,BSE
500044,BSE,500044.BO,BSE Listed Security 500044,BSE
500046,BSE,500046.BO,BSE Listed Security 500046,BSE
500047,BSE,500047.BO,BSE Listed Security 500047,BSE
500048,BSE,500048.BO,BSE Listed Security 500048,BSE
500049,BSE,500049.BO,BSE Listed Security 500049,BSE
500050,BSE,500050.BO,BSE Listed Security 500050,BSE
500051,BSE,500051.BO,BSE Listed Security 500051,BSE
500053,BSE,500053.BO,BSE Listed Security 500053,BSE
500054,BSE,500054.BO,BSE Listed Security 500054,BSE
500055,BSE,500055.BO,BSE Listed Security 500055,BSE
500056,BSE,500056.BO,BSE Listed Security 500056,BSE
500057,BSE,500057.BO,BSE Listed Security 500057,BSE
500060,BSE,500060.BO,BSE Listed Security 500060,BSE
500061,BSE,500061.BO,BSE Listed Security 500061,BSE
500062,BSE,500062.BO,BSE Listed Security 500062,BSE
500063,BSE,500063.BO,BSE Listed Security 500063,BSE
500064,BSE,500064.BO,BSE Listed Security 500064,BSE
500065,BSE,500065.BO,BSE Listed Security 500065,BSE
500067,BSE,500067.BO,BSE Listed Security 500067,BSE
500068,BSE,500068.BO,BSE Listed Security 500068,BSE
500069,BSE,500069.BO,BSE Listed Security 500069,BSE
500070,BSE,500070.BO,BSE Listed Security 500070,BSE
500072,BSE,500072.BO,BSE Listed Security 500072,BSE
500074,BSE,500074.BO,BSE Listed Security 500074,BSE
500075,BSE,500075.BO,BSE Listed Security 500075,BSE
500076,BSE,500076.BO,BSE Listed Security 500076,BSE
500077,BSE,500077.BO,BSE Listed Security 500077,BSE
500078,BSE,500078.BO,BSE Listed Security 500078,BSE
500079,BSE,500079.BO,BSE Listed Security 500079,BSE
500081,BSE,500081.BO,BSE Listed Security 500081,BSE
500082,BSE,500082.BO,BSE Listed Security 500082,BSE
500083,BSE,500083.BO,BSE Listed Security 500083,BSE
500085,BSE,500085.BO,BSE Listed Security 500085,BSE
500086,BSE,500086.BO,BSE Listed Security 500086,BSE
500088,BSE,500088.BO,BSE Listed Security 500088,BSE
500089,BSE,500089.BO,BSE Listed Security 500089,BSE
500090,BSE,500090.BO,BSE Listed Security 500090,BSE
500091,BSE,500091.BO,BSE Listed Security 500091,BSE
500092,BSE,500092.BO,BSE Listed Security 500092,BSE
500093,BSE,500093.BO,BSE Listed Security 500093,BSE
500095,BSE,500095.BO,BSE Listed Security 500095,BSE
500096,BSE,500096.BO,BSE Listed Security 500096,BSE
500098,BSE,500098.BO,BSE Listed Security 500098,BSE
500099,BSE,500099.BO,BSE Listed Security 500099,BSE
500100,BSE,500100.BO,BSE Listed Security 500100,BSE
500102,BSE,500102.BO,BSE Listed Security 500102,BSE
500103,BSE,500103.BO,BSE Listed Security 500103,BSE
500104,BSE,500104.BO,BSE Listed Security 500104,BSE
500105,BSE,500105.BO,BSE Listed Security 500105,BSE
500106,BSE,500106.BO,BSE Listed Security 500106,BSE
500107,BSE,500107.BO,BSE Listed Security 500107,BSE
500109,BSE,500109.BO,BSE Listed Security 500109,BSE
500111,BSE,500111.BO,BSE Listed Security 500111,BSE
500112,BSE,500112.BO,BSE Listed Security 500112,BSE
500113,BSE,500113.BO,BSE Listed Security 500113,BSE
500114,BSE,500114.BO,BSE Listed Security 500114,BSE
500116,BSE,500116.BO,BSE Listed Security 500116,BSE
500117,BSE,500117.BO,BSE Listed Security 500117,BSE
500118,BSE,500118.BO,BSE Listed Security 500118,BSE
500119,BSE,500119.BO,BSE Listed Security 500119,BSE
500120,BSE,500120.BO,BSE Listed Security 500120,BSE
500121,BSE,500121.BO,BSE Listed Security 500121,BSE
500124,BSE,500124.BO,BSE Listed Security 500124,BSE
500125,BSE,500125.BO,BSE Listed Security 500125,BSE
500126,BSE,500126.BO,BSE Listed Security 500126,BSE
500127,BSE,500127.BO,BSE Listed Security 500127,BSE
500128,BSE,500128.BO,BSE Listed Security 500128,BSE
500130,BSE,500130.BO,BSE Listed Security 500130,BSE
500131,BSE,500131.BO,BSE Listed Security 500131,BSE
500132,BSE,500132.BO,BSE Listed Security 500132,BSE
500133,BSE,500133.BO,BSE Listed Security 500133,BSE
500134,BSE,500134.BO,BSE Listed Security 500134,BSE
500135,BSE,500135.BO,BSE Listed Security 500135,BSE
500137,BSE,500137.BO,BSE Listed Security 500137,BSE
500138,BSE,500138.BO,BSE Listed Security 500138,BSE
500139,BSE,500139.BO,BSE Listed Security 500139,BSE
500140,BSE,500140.BO,BSE Listed Security 500140,BSE
500141,BSE,500141.BO,BSE Listed Security 500141,BSE
500142,BSE,500142.BO,BSE Listed Security 500142,BSE
500144,BSE,500144.BO,BSE Listed Security 500144,BSE
500145,BSE,500145.BO,BSE Listed Security 500145,BSE
500146,BSE,500146.BO,BSE Listed Security 500146,BSE
500147,BSE,500147.BO,BSE Listed Security 500147,BSE
500148,BSE,500148.BO,BSE Listed Security 500148,BSE
500151,BSE,500151.BO,BSE Listed Security 500151,BSE
500152,BSE,500152.BO,BSE Listed Security 500152,BSE
500153,BSE,500153.BO,BSE Listed Security 500153,BSE
500154,BSE,500154.BO,BSE Listed Security 500154,BSE
500155,BSE,500155.BO,BSE Listed Security 500155,BSE
500156,BSE,500156.BO,BSE Listed Security 500156,BSE
500158,BSE,500158.BO,BSE Listed Security 500158,BSE
500159,BSE,500159.BO,BSE Listed Security 500159,BSE
500160,BSE,500160.BO,BSE Listed Security 500160,BSE
500161,BSE,500161.BO,BSE Listed Security 500161,BSE
500163,BSE,500163.BO,BSE Listed Security 500163,BSE
500165,BSE,500165.BO,BSE Listed Security 500165,BSE
500166,BSE,500166.BO,BSE Listed Security 500166,BSE
500167,BSE,500167.BO,BSE Listed Security 500167,BSE
500168,BSE,500168.BO,BSE Listed Security 500168,BSE
500169,BSE,500169.BO,BSE Listed Security 500169,BSE
500170,BSE,500170.BO,BSE Listed Security 500170,BSE
500172,BSE,500172.BO,BSE Listed Security 500172,BSE
500173,BSE,500173.BO,BSE Listed Security 500173,BSE
500174,BSE,500174.BO,BSE Listed Security 500174,BSE
500176,BSE,500176.BO,BSE Listed Security 500176,BSE
500177,BSE,500177.BO,BSE Listed Security 500177,BSE
500179,BSE,500179.BO,BSE Listed Security 500179,BSE
500180,BSE,500180.BO,BSE Listed Security 500180,BSE
500181,BSE,500181.BO,BSE Listed Security 500181,BSE
500182,BSE,500182.BO,BSE Listed Security 500182,BSE
500183,BSE,500183.BO,BSE Listed Security 500183,BSE
500184,BSE,500184.BO,BSE Listed Security 500184,BSE
500186,BSE,500186.BO,BSE Listed Security 500186,BSE
500187,BSE,500187.BO,BSE Listed Security 500187,BSE
500189,BSE,500189.BO,BSE Listed Security 500189,BSE
500190,BSE,500190.BO,BSE Listed Security 500190,BSE
500191,BSE,500191.BO,BSE Listed Security 500191,BSE
500193,BSE,500193.BO,BSE Listed Security 500193,BSE
500194,BSE,500194.BO,BSE Listed Security 500194,BSE
500195,BSE,500195.BO,BSE Listed Security 500195,BSE
500196,BSE,500196.BO,BSE Listed Security 500196,BSE
500197,BSE,500197.BO,BSE Listed Security 500197,BSE
500198,BSE,500198.BO,BSE Listed Security 500198,BSE
500200,BSE,500200.BO,BSE Listed Security 500200,BSE
500202,BSE,500202.BO,BSE Listed Security 500202,BSE
500203,BSE,500203.BO,BSE Listed Security 500203,BSE
500204,BSE,500204.BO,BSE Listed Security 500204,BSE
500205,BSE,500205.BO,BSE Listed Security 500205,BSE
500207,BSE,500207.BO,BSE Listed Security 500207,BSE
500208,BSE,500208.BO,BSE Listed Security 500208,BSE
500209,BSE,500209.BO,BSE Listed Security 500209,BSE
500210,BSE,500210.BO,BSE Listed Security 500210,BSE
500211,BSE,500211.BO,BSE Listed Security 500211,BSE
500212,BSE,500212.BO,BSE Listed Security 500212,BSE
500215,BSE,500215.BO,BSE Listed Security 500215,BSE
500216,BSE,500216.BO,BSE Listed Security 500216,BSE
500217,BSE,500217.BO,BSE Listed Security 500217,BSE
500218,BSE,500218.BO,BSE Listed Security 500218,BSE
500219,BSE,500219.BO,BSE Listed Security 500219,BSE
500221,BSE,500221.BO,BSE Listed Security 500221,BSE
500222,BSE,500222.BO,BSE Listed Security 500222,BSE
500223,BSE,500223.BO,BSE Listed Security 500223,BSE
500224,BSE,500224.BO,BSE Listed Security 500224,BSE
500225,BSE,500225.BO,BSE Listed Security 500225,BSE
500226,BSE,500226.BO,BSE Listed Security 500226,BSE
500228,BSE,500228.BO,BSE Listed Security 500228,BSE
500229,BSE,500229.BO,BSE Listed Security 500229,BSE
500230,BSE,500230.BO,BSE Listed Security 500230,BSE
500231,BSE,500231.BO,BSE Listed Security 500231,BSE
500232,BSE,500232.BO,BSE Listed Security 500232,BSE
500233,BSE,500233.BO,BSE Listed Security 500233,BSE
500235,BSE,500235.BO,BSE Listed Security 500235,BSE
500236,BSE,500236.BO,BSE Listed Security 500236,BSE
500237,BSE,500237.BO,BSE Listed Security 500237,BSE
500238,BSE,500238.BO,BSE Listed Security 500238,BSE
500239,BSE,500239.BO,BSE Listed Security 500239,BSE
500242,BSE,500242.BO,BSE Listed Security 500242,BSE
500243,BSE,500243.BO,BSE Listed Security 500243,BSE
500244,BSE,500244.BO,BSE Listed Security 500244,BSE
500245,BSE,500245.BO,BSE Listed Security 500245,BSE
500246,BSE,500246.BO,BSE Listed Security 500246,BSE
500247,BSE,500247.BO,BSE Listed Security 500247,BSE
500249,BSE,500249.BO,BSE Listed Security 500249,BSE
500250,BSE,500250.BO,BSE Listed Security 500250,BSE
500251,BSE,500251.BO,BSE Listed Security 500251,BSE
500252,BSE,500252.BO,BSE Listed Security 500252,BSE
500254,BSE,500254.BO,BSE Listed Security 500254,BSE
500256,BSE,500256.BO,BSE Listed Security 500256,BSE
500257,BSE,500257.BO,BSE Listed Security 500257,BSE
500258,BSE,500258.BO,BSE Listed Security 500258,BSE
500259,BSE,500259.BO,BSE Listed Security 500259,BSE
500260,BSE,500260.BO,BSE Listed Security 500260,BSE
500261,BSE,500261.BO,BSE Listed Security 500261,BSE
500263,BSE,500263.BO,BSE Listed Security 500263,BSE
500264,BSE,500264.BO,BSE Listed Security 500264,BSE
500265,BSE,500265.BO,BSE Listed Security 500265,BSE
500267,BSE,500267.BO,BSE Listed Security 500267,BSE
500268,BSE,500268.BO,BSE Listed Security 500268,BSE
500270,BSE,500270.BO,BSE Listed Security 500270,BSE
500271,BSE,500271.BO,BSE Listed Security 500271,BSE
500272,BSE,500272.BO,BSE Listed Security 500272,BSE
500273,BSE,500273.BO,BSE Listed Security 500273,BSE
500274,BSE,500274.BO,BSE Listed Security 500274,BSE
500275,BSE,500275.BO,BSE Listed Security 500275,BSE
500277,BSE,500277.BO,BSE Listed Security 500277,BSE
500278,BSE,500278.BO,BSE Listed Security 500278,BSE
500280,BSE,500280.BO,BSE Listed Security 500280,BSE
500281,BSE,500281.BO,BSE Listed Security 500281,BSE
500282,BSE,500282.BO,BSE Listed Security 500282,BSE
500284,BSE,500284.BO,BSE Listed Security 500284,BSE
500285,BSE,500285.BO,BSE Listed Security 500285,BSE
500286,BSE,500286.BO,BSE Listed Security 500286,BSE
500287,BSE,500287.BO,BSE Listed Security 500287,BSE
500288,BSE,500288.BO,BSE Listed Security 500288,BSE
500289,BSE,500289.BO,BSE Listed Security 500289,BSE
500291,BSE,500291.BO,BSE Listed Security 500291,BSE
500293,BSE,500293.BO,BSE Listed Security 500293,BSE
500294,BSE,500294.BO,BSE Listed Security 500294,BSE
500295,BSE,500295.BO,BSE Listed Security 500295,BSE
500296,BSE,500296.BO,BSE Listed Security 500296,BSE
500298,BSE,500298.BO,BSE Listed Security 500298,BSE
500299,BSE,500299.BO,BSE Listed Security 500299,BSE
500300,BSE,500300.BO,BSE Listed Security 500300,BSE
500301,BSE,500301.BO,BSE Listed Security 500301,BSE
500302,BSE,500302.BO,BSE Listed Security 500302,BSE
500303,BSE,500303.BO,BSE Listed Security 500303,BSE
500306,BSE,500306.BO,BSE Listed Security 500306,BSE
500307,BSE,500307.BO,BSE Listed Security 500307,BSE
500308,BSE,500308.BO,BSE Listed Security 500308,BSE
500309,BSE,500309.BO,BSE Listed Security 500309,BSE
500310,BSE,500310.BO,BSE Listed Security 500310,BSE
500312,BSE,500312.BO,BSE Listed Security 500312,BSE
500313,BSE,500313.BO,BSE Listed Security 500313,BSE
500314,BSE,500314.BO,BSE Listed Security 500314,BSE
500315,BSE,500315.BO,BSE Listed Security 500315,BSE
500316,BSE,500316.BO,BSE Listed Security 500316,BSE
500317,BSE,500317.BO,BSE Listed Security 500317,BSE
500319,BSE,500319.BO,BSE Listed Security 500319,BSE
500320,BSE,500320.BO,BSE Listed Security 500320,BSE
500321,BSE,500321.BO,BSE Listed Security 500321,BSE
500322,BSE,500322.BO,BSE Listed Security 500322,BSE
500323,BSE,500323.BO,BSE Listed Security 500323,BSE
500324,BSE,500324.BO,BSE Listed Security 500324,BSE
500326,BSE,500326.BO,BSE Listed Security 500326,BSE
500327,BSE,500327.BO,BSE Listed Security 500327,BSE
500328,BSE,500328.BO,BSE Listed Security 500328,BSE
500329,BSE,500329.BO,BSE Listed Security 500329,BSE
500330,BSE,500330.BO,BSE Listed Security 500330,BSE
500333,BSE,500333.BO,BSE Listed Security 500333,BSE
500334,BSE,500334.BO,BSE Listed Security 500334,BSE
500335,BSE,500335.BO,BSE Listed Security 500335,BSE
500336,BSE,500336.BO,BSE Listed Security 500336,BSE
500337,BSE,500337.BO,BSE Listed Security 500337,BSE
500338,BSE,500338.BO,BSE Listed Security 500338,BSE
500340,BSE,500340.BO,BSE Listed Security 500340,BSE
500341,BSE,500341.BO,BSE Listed Security 500341,BSE
500342,BSE,500342.BO,BSE Listed Security 500342,BSE
500343,BSE,500343.BO,BSE Listed Security 500343,BSE
500345,BSE,500345.BO,BSE Listed Security 500345,BSE
500347,BSE,500347.BO,BSE Listed Security 500347,BSE
500348,BSE,500348.BO,BSE Listed Security 500348,BSE
500349,BSE,500349.BO,BSE Listed Security 500349,BSE
500350,BSE,500350.BO,BSE Listed Security 500350,BSE
500351,BSE,500351.BO,BSE Listed Security 500351,BSE
500352,BSE,500352.BO,BSE Listed Security 500352,BSE
500354,BSE,500354.BO,BSE Listed Security 500354,BSE
500355,BSE,500355.BO,BSE Listed Security 500355,BSE
500356,BSE,500356.BO,BSE Listed Security 500356,BSE
500358,BSE,500358.BO,BSE Listed Security 500358,BSE
500359,BSE,500359.BO,BSE Listed Security 500359,BSE
500361,BSE,500361.BO,BSE Listed Security 500361,BSE
500362,BSE,500362.BO,BSE Listed Security 500362,BSE
500363,BSE,500363.BO,BSE Listed Security 500363,BSE
500364,BSE,500364.BO,BSE Listed Security 500364,BSE
500365,BSE,500365.BO,BSE Listed Security 500365,BSE
500366,BSE,500366.BO,BSE Listed Security 500366,BSE
500368,BSE,500368.BO,BSE Listed Security 500368,BSE
500369,BSE,500369.BO,BSE Listed Security 500369,BSE
500371,BSE,500371.BO,BSE Listed Security 500371,BSE
500372,BSE,500372.BO,BSE Listed Security 500372,BSE
500373,BSE,500373.BO,BSE Listed Security 500373,BSE
500375,BSE,500375.BO,BSE Listed Security 500375,BSE
500376,BSE,500376.BO,BSE Listed Security 500376,BSE
500377,BSE,500377.BO,BSE Listed Security 500377,BSE
500378,BSE,500378.BO,BSE Listed Security 500378,BSE
500379,BSE,500379.BO,BSE Listed Security 500379,BSE
500380,BSE,500380.BO,BSE Listed Security 500380,BSE
500382,BSE,500382.BO,BSE Listed Security 500382,BSE
500384,BSE,500384.BO,BSE Listed Security 500384,BSE
500385,BSE,500385.BO,BSE Listed Security 500385,BSE
500386,BSE,500386.BO,BSE Listed Security 500386,BSE
500387,BSE,500387.BO,BSE Listed Security 500387,BSE
500389,BSE,500389.BO,BSE Listed Security 500389,BSE
500390,BSE,500390.BO,BSE Listed Security 500390,BSE
500391,BSE,500391.BO,BSE Listed Security 500391,BSE
500392,BSE,500392.BO,BSE Listed Security 500392,BSE
500393,BSE,500393.BO,BSE Listed Security 500393,BSE
500394,BSE,500394.BO,BSE Listed Security 500394,BSE
500397,BSE,500397.BO,BSE Listed Security 500397,BSE
500398,BSE,500398.BO,BSE Listed Security 500398,BSE
500399,BSE,500399.BO,BSE Listed Security 500399,BSE
500400,BSE,500400.BO,BSE Listed Security 500400,BSE
500401,BSE,500401.BO,BSE Listed Security 500401,BSE
500403,BSE,500403.BO,BSE Listed Security 500403,BSE
500404,BSE,500404.BO,BSE Listed Security 500404,BSE
500405,BSE,500405.BO,BSE Listed Security 500405,BSE
500406,BSE,500406.BO,BSE Listed Security 500406,BSE
500407,BSE,500407.BO,BSE Listed Security 500407,BSE
500408,BSE,500408.BO,BSE Listed Security 500408,BSE
500410,BSE,500410.BO,BSE Listed Security 500410,BSE
500411,BSE,500411.BO,BSE Listed Security 500411,BSE
500412,BSE,500412.BO,BSE Listed Security 500412,BSE
500413,BSE,500413.BO,BSE Listed Security 500413,BSE
500414,BSE,500414.BO,BSE Listed Security 500414,BSE
500415,BSE,500415.BO,BSE Listed Security 500415,BSE
500417,BSE,500417.BO,BSE Listed Security 500417,BSE
500418,BSE,500418.BO,BSE Listed Security 500418,BSE
500419,BSE,500419.BO,BSE Listed Security 500419,BSE
500420,BSE,500420.BO,BSE Listed Security 500420,BSE
500421,BSE,500421.BO,BSE Listed Security 500421,BSE
500424,BSE,500424.BO,BSE Listed Security 500424,BSE
500425,BSE,500425.BO,BSE Listed Security 500425,BSE
500426,BSE,500426.BO,BSE Listed Security 500426,BSE
500427,BSE,500427.BO,BSE Listed Security 500427,BSE
500428,BSE,500428.BO,BSE Listed Security 500428,BSE
500429,BSE,500429.BO,BSE Listed Security 500429,BSE
500431,BSE,500431.BO,BSE Listed Security 500431,BSE
500432,BSE,500432.BO,BSE Listed Security 500432,BSE
500433,BSE,500433.BO,BSE Listed Security 500433,BSE
500434,BSE,500434.BO,BSE Listed Security 500434,BSE
500436,BSE,500436.BO,BSE Listed Security 500436,BSE
500438,BSE,500438.BO,BSE Listed Security 500438,BSE
500439,BSE,500439.BO,BSE Listed Security 500439,BSE
500440,BSE,500440.BO,BSE Listed Security 500440,BSE
500441,BSE,500441.BO,BSE Listed Security 500441,BSE
500442,BSE,500442.BO,BSE Listed Security 500442,BSE
500443,BSE,500443.BO,BSE Listed Security 500443,BSE
500445,BSE,500445.BO,BSE Listed Security 500445,BSE
500446,BSE,500446.BO,BSE Listed Security 500446,BSE
500447,BSE,500447.BO,BSE Listed Security 500447,BSE
500449,BSE,500449.BO,BSE Listed Security 500449,BSE
500450,BSE,500450.BO,BSE Listed Security 500450,BSE
500452,BSE,500452.BO,BSE Listed Security 500452,BSE
500453,BSE,500453.BO,BSE Listed Security 500453,BSE
500454,BSE,500454.BO,BSE Listed Security 500454,BSE
500455,BSE,500455.BO,BSE Listed Security 500455,BSE
500456,BSE,500456.BO,BSE Listed Security 500456,BSE
500457,BSE,500457.BO,BSE Listed Security 500457,BSE
500459,BSE,500459.BO,BSE Listed Security 500459,BSE
500460,BSE,500460.BO,BSE Listed Security 500460,BSE
500462,BSE,500462.BO,BSE Listed Security 500462,BSE
500463,BSE,500463.BO,BSE Listed Security 500463,BSE
500464,BSE,500464.BO,BSE Listed Security 500464,BSE
500466,BSE,500466.BO,BSE Listed Security 500466,BSE
500467,BSE,500467.BO,BSE Listed Security 500467,BSE
500468,BSE,500468.BO,BSE Listed Security 500468,BSE
500469,BSE,500469.BO,BSE Listed Security 500469,BSE
500470,BSE,500470.BO,BSE Listed Security 500470,BSE
500471,BSE,500471.BO,BSE Listed Security 500471,BSE
500473,BSE,500473.BO,BSE Listed Security 500473,BSE
500475,BSE,500475.BO,BSE Listed Security 500475,BSE
500476,BSE,500476.BO,BSE Listed Security 500476,BSE
500477,BSE,500477.BO,BSE Listed Security 500477,BSE
500478,BSE,500478.BO,BSE Listed Security 500478,BSE
500480,BSE,500480.BO,BSE Listed Security 500480,BSE
500481,BSE,500481.BO,BSE Listed Security 500481,BSE
500482,BSE,500482.BO,BSE Listed Security 500482,BSE
500483,BSE,500483.BO,BSE Listed Security 500483,BSE
500484,BSE,500484.BO,BSE Listed Security 500484,BSE
500485,BSE,500485.BO,BSE Listed Security 500485,BSE
500488,BSE,500488.BO,BSE Listed Security 500488,BSE
500489,BSE,500489.BO,BSE Listed Security 500489,BSE
500490,BSE,500490.BO,BSE Listed Security 500490,BSE
500491,BSE,500491.BO,BSE Listed Security 500491,BSE
500492,BSE,500492.BO,BSE Listed Security 500492,BSE
500494,BSE,500494.BO,BSE Listed Security 500494,BSE
500495,BSE,500495.BO,BSE Listed Security 500495,BSE
500496,BSE,500496.BO,BSE Listed Security 500496,BSE
500497,BSE,500497.BO,BSE Listed Security 500497,BSE
500498,BSE,500498.BO,BSE Listed Security 500498,BSE
500499,BSE,500499.BO,BSE Listed Security 500499,BSE
500501,BSE,500501.BO,BSE Listed Security 500501,BSE
500502,BSE,500502.BO,BSE Listed Security 500502,BSE
500503,BSE,500503.BO,BSE Listed Security 500503,BSE
500504,BSE,500504.BO,BSE Listed Security 500504,BSE
500505,BSE,500505.BO,BSE Listed Security 500505,BSE
500506,BSE,500506.BO,BSE Listed Security 500506,BSE
500508,BSE,500508.BO,BSE Listed Security 500508,BSE
500509,BSE,500509.BO,BSE Listed Security 500509,BSE
500510,BSE,500510.BO,BSE Listed Security 500510,BSE
500511,BSE,500511.BO,BSE Listed Security 500511,BSE
500512,BSE,500512.BO,BSE Listed Security 500512,BSE
500515,BSE,500515.BO,BSE Listed Security 500515,BSE
500516,BSE,500516.BO,BSE Listed Security 500516,BSE
500517,BSE,500517.BO,BSE Listed Security 500517,BSE
500518,BSE,500518.BO,BSE Listed Security 500518,BSE
500519,BSE,500519.BO,BSE Listed Security 500519,BSE
500520,BSE,500520.BO,BSE Listed Security 500520,BSE
500522,BSE,500522.BO,BSE Listed Security 500522,BSE
500523,BSE,500523.BO,BSE Listed Security 500523,BSE
500524,BSE,500524.BO,BSE Listed Security 500524,BSE
500525,BSE,500525.BO,BSE Listed Security 500525,BSE
500527,BSE,500527.BO,BSE Listed Security 500527,BSE
500529,BSE,500529.BO,BSE Listed Security 500529,BSE
500530,BSE,500530.BO,BSE Listed Security 500530,BSE
500531,BSE,500531.BO,BSE Listed Security 500531,BSE
500532,BSE,500532.BO,BSE Listed Security 500532,BSE
500533,BSE,500533.BO,BSE Listed Security 500533,BSE
500534,BSE,500534.BO,BSE Listed Security 500534,BSE
500536,BSE,500536.BO,BSE Listed Security 500536,BSE
500537,BSE,500537.BO,BSE Listed Security 500537,BSE
500538,BSE,500538.BO,BSE Listed Security 500538,BSE
500540,BSE,500540.BO,BSE Listed Security 500540,BSE
500541,BSE,500541.BO,BSE Listed Security 500541,BSE
500543,BSE,500543.BO,BSE Listed Security 500543,BSE
500544,BSE,500544.BO,BSE Listed Security 500544,BSE
500545,BSE,500545.BO,BSE Listed Security 500545,BSE
500546,BSE,500546.BO,BSE Listed Security 500546,BSE
500547,BSE,500547.BO,BSE Listed Security 500547,BSE
500548,BSE,500548.BO,BSE Listed Security 500548,BSE
500550,BSE,500550.BO,BSE Listed Security 500550,BSE
500551,BSE,500551.BO,BSE Listed Security 500551,BSE
500553,BSE,500553.BO,BSE Listed Security 500553,BSE
500554,BSE,500554.BO,BSE Listed Security 500554,BSE
500555,BSE,500555.BO,BSE Listed Security 500555,BSE
500557,BSE,500557.BO,BSE Listed Security 500557,BSE
500558,BSE,500558.BO,BSE Listed Security 500558,BSE
500559,BSE,500559.BO,BSE Listed Security 500559,BSE
500560,BSE,500560.BO,BSE Listed Security 500560,BSE
500561,BSE,500561.BO,BSE Listed Security 500561,BSE
500562,BSE,500562.BO,BSE Listed Security 500562,BSE
500564,BSE,500564.BO,BSE Listed Security 500564,BSE
500566,BSE,500566.BO,BSE Listed Security 500566,BSE
500567,BSE,500567.BO,BSE Listed Security 500567,BSE
500568,BSE,500568.BO,BSE Listed Security 500568,BSE
500569,BSE,500569.BO,BSE Listed Security 500569,BSE
500571,BSE,500571.BO,BSE Listed Security 500571,BSE
500572,BSE,500572.BO,BSE Listed Security 500572,BSE
500573,BSE,500573.BO,BSE Listed Security 500573,BSE
500574,BSE,500574.BO,BSE Listed Security 500574,BSE
500575,BSE,500575.BO,BSE Listed Security 500575,BSE
500576,BSE,500576.BO,BSE Listed Security 500576,BSE
500579,BSE,500579.BO,BSE Listed Security 500579,BSE
500580,BSE,500580.BO,BSE Listed Security 500580,BSE
500581,BSE,500581.BO,BSE Listed Security 500581,BSE
500582,BSE,500582.BO,BSE Listed Security 500582,BSE
500583,BSE,500583.BO,BSE Listed Security 500583,BSE
500585,BSE,500585.BO,BSE Listed Security 500585,BSE
500586,BSE,500586.BO,BSE Listed Security 500586,BSE
500587,BSE,500587.BO,BSE Listed Security 500587,BSE
500588,BSE,500588.BO,BSE Listed Security 500588,BSE
500589,BSE,500589.BO,BSE Listed Security 500589,BSE
500590,BSE,500590.BO,BSE Listed Security 500590,BSE
500592,BSE,500592.BO,BSE Listed Security 500592,BSE
500593,BSE,500593.BO,BSE Listed Security 500593,BSE
500594,BSE,500594.BO,BSE Listed Security 500594,BSE
500595,BSE,500595.BO,BSE Listed Security 500595,BSE
500596,BSE,500596.BO,BSE Listed Security 500596,BSE
500597,BSE,500597.BO,BSE Listed Security 500597,BSE
500599,BSE,500599.BO,BSE Listed Security 500599,BSE
500600,BSE,500600.BO,BSE Listed Security 500600,BSE
500601,BSE,500601.BO,BSE Listed Security 500601,BSE
500602,BSE,500602.BO,BSE Listed Security 500602,BSE
500603,BSE,500603.BO,BSE Listed Security 500603,BSE
500606,BSE,500606.BO,BSE Listed Security 500606,BSE
500607,BSE,500607.BO,BSE Listed Security 500607,BSE
500608,BSE,500608.BO,BSE Listed Security 500608,BSE
500609,BSE,500609.BO,BSE Listed Security 500609,BSE
500610,BSE,500610.BO,BSE Listed Security 500610,BSE
500611,BSE,500611.BO,BSE Listed Security 500611,BSE
500613,BSE,500613.BO,BSE Listed Security 500613,BSE
500614,BSE,500614.BO,BSE Listed Security 500614,BSE
500615,BSE,500615.BO,BSE Listed Security 500615,BSE
500616,BSE,500616.BO,BSE Listed Security 500616,BSE
500618,BSE,500618.BO,BSE Listed Security 500618,BSE
500620,BSE,500620.BO,BSE Listed Security 500620,BSE
500621,BSE,500621.BO,BSE Listed Security 500621,BSE
500622,BSE,500622.BO,BSE Listed Security 500622,BSE
500623,BSE,500623.BO,BSE Listed Security 500623,BSE
500624,BSE,500624.BO,BSE Listed Security 500624,BSE
500625,BSE,500625.BO,BSE Listed Security 500625,BSE
500627,BSE,500627.BO,BSE Listed Security 500627,BSE
500628,BSE,500628.BO,BSE Listed Security 500628,BSE
500629,BSE,500629.BO,BSE Listed Security 500629,BSE
500631,BSE,500631.BO,BSE Listed Security 500631,BSE
500632,BSE,500632.BO,BSE Listed Security 500632,BSE
500634,BSE,500634.BO,BSE Listed Security 500634,BSE
500635,BSE,500635.BO,BSE Listed Security 500635,BSE
500636,BSE,500636.BO,BSE Listed Security 500636,BSE
500637,BSE,500637.BO,BSE Listed Security 500637,BSE
500638,BSE,500638.BO,BSE Listed Security 500638,BSE
500639,BSE,500639.BO,BSE Listed Security 500639,BSE
500641,BSE,500641.BO,BSE Listed Security 500641,BSE
500642,BSE,500642.BO,BSE Listed Security 500642,BSE
500644,BSE,500644.BO,BSE Listed Security 500644,BSE
500645,BSE,500645.BO,BSE Listed Security 500645,BSE
500646,BSE,500646.BO,BSE Listed Security 500646,BSE
500648,BSE,500648.BO,BSE Listed Security 500648,BSE
500649,BSE,500649.BO,BSE Listed Security 500649,BSE
500650,BSE,500650.BO,BSE Listed Security 500650,BSE
500651,BSE,500651.BO,BSE Listed Security 500651,BSE
500652,BSE,500652.BO,BSE Listed Security 500652,BSE
500653,BSE,500653.BO,BSE Listed Security 500653,BSE
500655,BSE,500655.BO,BSE Listed Security 500655,BSE
500657,BSE,500657.BO,BSE Listed Security 500657,BSE
500658,BSE,500658.BO,BSE Listed Security 500658,BSE
500659,BSE,500659.BO,BSE Listed Security 500659,BSE
500660,BSE,500660.BO,BSE Listed Security 500660,BSE
500662,BSE,500662.BO,BSE Listed Security 500662,BSE
500663,BSE,500663.BO,BSE Listed Security 500663,BSE
500664,BSE,500664.BO,BSE Listed Security 500664,BSE
500665,BSE,500665.BO,BSE Listed Security 500665,BSE
500666,BSE,500666.BO,BSE Listed Security 500666,BSE
500667,BSE,500667.BO,BSE Listed Security 500667,BSE
500670,BSE,500670.BO,BSE Listed Security 500670,BSE
500671,BSE,500671.BO,BSE Listed Security 500671,BSE
500672,BSE,500672.BO,BSE Listed Security 500672,BSE
500673,BSE,500673.BO,BSE Listed Security 500673,BSE
500674,BSE,500674.BO,BSE Listed Security 500674,BSE
500676,BSE,500676.BO,BSE Listed Security 500676,BSE
500677,BSE,500677.BO,BSE Listed Security 500677,BSE
500678,BSE,500678.BO,BSE Listed Security 500678,BSE
500679,BSE,500679.BO,BSE Listed Security 500679,BSE
500680,BSE,500680.BO,BSE Listed Security 500680,BSE
500681,BSE,500681.BO,BSE Listed Security 500681,BSE
500683,BSE,500683.BO,BSE Listed Security 500683,BSE
500684,BSE,500684.BO,BSE Listed Security 500684,BSE
500685,BSE,500685.BO,BSE Listed Security 500685,BSE
500686,BSE,500686.BO,BSE Listed Security 500686,BSE
500687,BSE,500687.BO,BSE Listed Security 500687,BSE
500688,BSE,500688.BO,BSE Listed Security 500688,BSE
500690,BSE,500690.BO,BSE Listed Security 500690,BSE
500691,BSE,500691.BO,BSE Listed Security 500691,BSE
500692,BSE,500692.BO,BSE Listed Security 500692,BSE
500693,BSE,500693.BO,BSE Listed Security 500693,BSE
500694,BSE,500694.BO,BSE Listed Security 500694,BSE
500697,BSE,500697.BO,BSE Listed Security 500697,BSE
500698,BSE,500698.BO,BSE Listed Security 500698,BSE
500699,BSE,500699.BO,BSE Listed Security 500699,BSE
500700,BSE,500700.BO,BSE Listed Security 500700,BSE
500701,BSE,500701.BO,BSE Listed Security 500701,BSE
500702,BSE,500702.BO,BSE Listed Security 500702,BSE
500704,BSE,500704.BO,BSE Listed Security 500704,BSE
500705,BSE,500705.BO,BSE Listed Security 500705,BSE
500706,BSE,500706.BO,BSE Listed Security 500706,BSE
500707,BSE,500707.BO,BSE Listed Security 500707,BSE
500709,BSE,500709.BO,BSE Listed Security 500709,BSE
500711,BSE,500711.BO,BSE Listed Security 500711,BSE
500712,BSE,500712.BO,BSE Listed Security 500712,BSE
500713,BSE,500713.BO,BSE Listed Security 500713,BSE
500714,BSE,500714.BO,BSE Listed Security 500714,BSE
500715,BSE,500715.BO,BSE Listed Security 500715,BSE
500716,BSE,500716.BO,BSE Listed Security 500716,BSE
500718,BSE,500718.BO,BSE Listed Security 500718,BSE
500719,BSE,500719.BO,BSE Listed Security 500719,BSE
500720,BSE,500720.BO,BSE Listed Security 500720,BSE
500722,BSE,500722.BO,BSE Listed Security 500722,BSE
500723,BSE,500723.BO,BSE Listed Security 500723,BSE
500725,BSE,500725.BO,BSE Listed Security 500725,BSE
500726,BSE,500726.BO,BSE Listed Security 500726,BSE
500727,BSE,500727.BO,BSE Listed Security 500727,BSE
500728,BSE,500728.BO,BSE Listed Security 500728,BSE
500729,BSE,500729.BO,BSE Listed Security 500729,BSE
500730,BSE,500730.BO,BSE Listed Security 500730,BSE
500732,BSE,500732.BO,BSE Listed Security 500732,BSE
500733,BSE,500733.BO,BSE Listed Security 500733,BSE
500735,BSE,500735.BO,BSE Listed Security 500735,BSE
500736,BSE,500736.BO,BSE Listed Security 500736,BSE
500737,BSE,500737.BO,BSE Listed Security 500737,BSE
500739,BSE,500739.BO,BSE Listed Security 500739,BSE
500740,BSE,500740.BO,BSE Listed Security 500740,BSE
500741,BSE,500741.BO,BSE Listed Security 500741,BSE
500742,BSE,500742.BO,BSE Listed Security 500742,BSE
500743,BSE,500743.BO,BSE Listed Security 500743,BSE
500744,BSE,500744.BO,BSE Listed Security 500744,BSE
500746,BSE,500746.BO,BSE Listed Security 500746,BSE
500748,BSE,500748.BO,BSE Listed Security 500748,BSE
500749,BSE,500749.BO,BSE Listed Security 500749,BSE
500750,BSE,500750.BO,BSE Listed Security 500750,BSE
500751,BSE,500751.BO,BSE Listed Security 500751,BSE
500753,BSE,500753.BO,BSE Listed Security 500753,BSE
500754,BSE,500754.BO,BSE Listed Security 500754,BSE
500755,BSE,500755.BO,BSE Listed Security 500755,BSE
500756,BSE,500756.BO,BSE Listed Security 500756,BSE
500757,BSE,500757.BO,BSE Listed Security 500757,BSE
500758,BSE,500758.BO,BSE Listed Security 500758,BSE
500761,BSE,500761.BO,BSE Listed Security 500761,BSE
500762,BSE,500762.BO,BSE Listed Security 500762,BSE
500763,BSE,500763.BO,BSE Listed Security 500763,BSE
500764,BSE,500764.BO,BSE Listed Security 500764,BSE
500765,BSE,500765.BO,BSE Listed Security 500765,BSE
500767,BSE,500767.BO,BSE Listed Security 500767,BSE
500768,BSE,500768.BO,BSE Listed Security 500768,BSE
500769,BSE,500769.BO,BSE Listed Security 500769,BSE
500770,BSE,500770.BO,BSE Listed Security 500770,BSE
500771,BSE,500771.BO,BSE Listed Security 500771,BSE
500772,BSE,500772.BO,BSE Listed Security 500772,BSE
500774,BSE,500774.BO,BSE Listed Security 500774,BSE
500775,BSE,500775.BO,BSE Listed Security 500775,BSE
500776,BSE,500776.BO,BSE Listed Security 500776,BSE
500777,BSE,500777.BO,BSE Listed Security 500777,BSE
500778,BSE,500778.BO,BSE Listed Security 500778,BSE
500779,BSE,500779.BO,BSE Listed Security 500779,BSE
500781,BSE,500781.BO,BSE Listed Security 500781,BSE
500782,BSE,500782.BO,BSE Listed Security 500782,BSE
500783,BSE,500783.BO,BSE Listed Security 500783,BSE
500784,BSE,500784.BO,BSE Listed Security 500784,BSE
500785,BSE,500785.BO,BSE Listed Security 500785,BSE
500788,BSE,500788.BO,BSE Listed Security 500788,BSE
500789,BSE,500789.BO,BSE Listed Security 500789,BSE
500790,BSE,500790.BO,BSE Listed Security 500790,BSE
500791,BSE,500791.BO,BSE Listed Security 500791,BSE
500792,BSE,500792.BO,BSE Listed Security 500792,BSE
500793,BSE,500793.BO,BSE Listed Security 500793,BSE
500795,BSE,500795.BO,BSE Listed Security 500795,BSE
500796,BSE,500796.BO,BSE Listed Security 500796,BSE
500797,BSE,500797.BO,BSE Listed Security 500797,BSE
500798,BSE,500798.BO,BSE Listed Security 500798,BSE
500800,BSE,500800.BO,BSE Listed Security 500800,BSE
500802,BSE,500802.BO,BSE Listed Security 500802,BSE
500803,BSE,500803.BO,BSE Listed Security 500803,BSE
500804,BSE,500804.BO,BSE Listed Security 500804,BSE
500805,BSE,500805.BO,BSE Listed Security 500805,BSE
500806,BSE,500806.BO,BSE Listed Security 500806,BSE
500807,BSE,500807.BO,BSE Listed Security 500807,BSE
500809,BSE,500809.BO,BSE Listed Security 500809,BSE
500810,BSE,500810.BO,BSE Listed Security 500810,BSE
500811,BSE,500811.BO,BSE Listed Security 500811,BSE
500813,BSE,500813.BO,BSE Listed Security 500813,BSE
500814,BSE,500814.BO,BSE Listed Security 500814,BSE
500816,BSE,500816.BO,BSE Listed Security 500816,BSE
500817,BSE,500817.BO,BSE Listed Security 500817,BSE
500818,BSE,500818.BO,BSE Listed Security 500818,BSE
500819,BSE,500819.BO,BSE Listed Security 500819,BSE
500820,BSE,500820.BO,BSE Listed Security 500820,BSE
500821,BSE,500821.BO,BSE Listed Security 500821,BSE
500823,BSE,500823.BO,BSE Listed Security 500823,BSE
500824,BSE,500824.BO,BSE Listed Security 500824,BSE
500826,BSE,500826.BO,BSE Listed Security 500826,BSE
500827,BSE,500827.BO,BSE Listed Security 500827,BSE
500828,BSE,500828.BO,BSE Listed Security 500828,BSE
500830,BSE,500830.BO,BSE Listed Security 500830,BSE
500831,BSE,500831.BO,BSE Listed Security 500831,BSE
500832,BSE,500832.BO,BSE Listed Security 500832,BSE
500833,BSE,500833.BO,BSE Listed Security 500833,BSE
500834,BSE,500834.BO,BSE Listed Security 500834,BSE
500835,BSE,500835.BO,BSE Listed Security 500835,BSE
500837,BSE,500837.BO,BSE Listed Security 500837,BSE
500839,BSE,500839.BO,BSE Listed Security 500839,BSE
500840,BSE,500840.BO,BSE Listed Security 500840,BSE
500841,BSE,500841.BO,BSE Listed Security 500841,BSE
500842,BSE,500842.BO,BSE Listed Security 500842,BSE
500844,BSE,500844.BO,BSE Listed Security 500844,BSE
500845,BSE,500845.BO,BSE Listed Security 500845,BSE
500846,BSE,500846.BO,BSE Listed Security 500846,BSE
500847,BSE,500847.BO,BSE Listed Security 500847,BSE
500848,BSE,500848.BO,BSE Listed Security 500848,BSE
500849,BSE,500849.BO,BSE Listed Security 500849,BSE
500852,BSE,500852.BO,BSE Listed Security 500852,BSE
500853,BSE,500853.BO,BSE Listed Security 500853,BSE
500854,BSE,500854.BO,BSE Listed Security 500854,BSE
500855,BSE,500855.BO,BSE Listed Security 500855,BSE
500856,BSE,500856.BO,BSE Listed Security 500856,BSE
500858,BSE,500858.BO,BSE Listed Security 500858,BSE
500859,BSE,500859.BO,BSE Listed Security 500859,BSE
500860,BSE,500860.BO,BSE Listed Security 500860,BSE
500861,BSE,500861.BO,BSE Listed Security 500861,BSE
500862,BSE,500862.BO,BSE Listed Security 500862,BSE
500863,BSE,500863.BO,BSE Listed Security 500863,BSE
500865,BSE,500865.BO,BSE Listed Security 500865,BSE
500866,BSE,500866.BO,BSE Listed Security 500866,BSE
500867,BSE,500867.BO,BSE Listed Security 500867,BSE
500868,BSE,500868.BO,BSE Listed Security 500868,BSE
500869,BSE,500869.BO,BSE Listed Security 500869,BSE
500870,BSE,500870.BO,BSE Listed Security 500870,BSE
500872,BSE,500872.BO,BSE Listed Security 500872,BSE
500873,BSE,500873.BO,BSE Listed Security 500873,BSE
500874,BSE,500874.BO,BSE Listed Security 500874,BSE
500875,BSE,500875.BO,BSE Listed Security 500875,BSE
500876,BSE,500876.BO,BSE Listed Security 500876,BSE
500879,BSE,500879.BO,BSE Listed Security 500879,BSE
500880,BSE,500880.BO,BSE Listed Security 500880,BSE
500881,BSE,500881.BO,BSE Listed Security 500881,BSE
500882,BSE,500882.BO,BSE Listed Security 500882,BSE
500883,BSE,500883.BO,BSE Listed Security 500883,BSE
500884,BSE,500884.BO,BSE Listed Security 500884,BSE
500886,BSE,500886.BO,BSE Listed Security 500886,BSE
500887,BSE,500887.BO,BSE Listed Security 500887,BSE
500888,BSE,500888.BO,BSE Listed Security 500888,BSE
500889,BSE,500889.BO,BSE Listed Security 500889,BSE
500891,BSE,500891.BO,BSE Listed Security 500891,BSE
500893,BSE,500893.BO,BSE Listed Security 500893,BSE
500894,BSE,500894.BO,BSE Listed Security 500894,BSE
500895,BSE,500895.BO,BSE Listed Security 500895,BSE
500896,BSE,500896.BO,BSE Listed Security 500896,BSE
500897,BSE,500897.BO,BSE Listed Security 500897,BSE
500898,BSE,500898.BO,BSE Listed Security 500898,BSE
500900,BSE,500900.BO,BSE Listed Security 500900,BSE
500901,BSE,500901.BO,BSE Listed Security 500901,BSE
500902,BSE,500902.BO,BSE Listed Security 500902,BSE
500904,BSE,500904.BO,BSE Listed Security 500904,BSE
500905,BSE,500905.BO,BSE Listed Security 500905,BSE
500907,BSE,500907.BO,BSE Listed Security 500907,BSE
500908,BSE,500908.BO,BSE Listed Security 500908,BSE
500909,BSE,500909.BO,BSE Listed Security 500909,BSE
500910,BSE,500910.BO,BSE Listed Security 500910,BSE
500911,BSE,500911.BO,BSE Listed Security 500911,BSE
500912,BSE,500912.BO,BSE Listed Security 500912,BSE
500914,BSE,500914.BO,BSE Listed Security 500914,BSE
500915,BSE,500915.BO,BSE Listed Security 500915,BSE
500917,BSE,500917.BO,BSE Listed Security 500917,BSE
500918,BSE,500918.BO,BSE Listed Security 500918,BSE
500919,BSE,500919.BO,BSE Listed Security 500919,BSE
500921,BSE,500921.BO,BSE Listed Security 500921,BSE
500922,BSE,500922.BO,BSE Listed Security 500922,BSE
500923,BSE,500923.BO,BSE Listed Security 500923,BSE
500924,BSE,500924.BO,BSE Listed Security 500924,BSE
500925,BSE,500925.BO,BSE Listed Security 500925,BSE
500926,BSE,500926.BO,BSE Listed Security 500926,BSE
500928,BSE,500928.BO,BSE Listed Security 500928,BSE
500930,BSE,500930.BO,BSE Listed Security 500930,BSE
500931,BSE,500931.BO,BSE Listed Security 500931,BSE
500932,BSE,500932.BO,BSE Listed Security 500932,BSE
500933,BSE,500933.BO,BSE Listed Security 500933,BSE
500935,BSE,500935.BO,BSE Listed Security 500935,BSE
500936,BSE,500936.BO,BSE Listed Security 500936,BSE
500937,BSE,500937.BO,BSE Listed Security 500937,BSE
500938,BSE,500938.BO,BSE Listed Security 500938,BSE
500939,BSE,500939.BO,BSE Listed Security 500939,BSE
500940,BSE,500940.BO,BSE Listed Security 500940,BSE
500943,BSE,500943.BO,BSE Listed Security 500943,BSE
500944,BSE,500944.BO,BSE Listed Security 500944,BSE
500945,BSE,500945.BO,BSE Listed Security 500945,BSE
500946,BSE,500946.BO,BSE Listed Security 500946,BSE
500947,BSE,500947.BO,BSE Listed Security 500947,BSE
500949,BSE,500949.BO,BSE Listed Security 500949,BSE
500950,BSE,500950.BO,BSE Listed Security 500950,BSE
500951,BSE,500951.BO,BSE Listed Security 500951,BSE
500952,BSE,500952.BO,BSE Listed Security 500952,BSE
500953,BSE,500953.BO,BSE Listed Security 500953,BSE
500954,BSE,500954.BO,BSE Listed Security 500954,BSE
500956,BSE,500956.BO,BSE Listed Security 500956,BSE
500957,BSE,500957.BO,BSE Listed Security 500957,BSE
500958,BSE,500958.BO,BSE Listed Security 500958,BSE
500959,BSE,500959.BO,BSE Listed Security 500959,BSE
500960,BSE,500960.BO,BSE Listed Security 500960,BSE
500961,BSE,500961.BO,BSE Listed Security 500961,BSE
500963,BSE,500963.BO,BSE Listed Security 500963,BSE
500964,BSE,500964.BO,BSE Listed Security 500964,BSE
500965,BSE,500965.BO,BSE Listed Security 500965,BSE
500966,BSE,500966.BO,BSE Listed Security 500966,BSE
500967,BSE,500967.BO,BSE Listed Security 500967,BSE
500970,BSE,500970.BO,BSE Listed Security 500970,BSE
500971,BSE,500971.BO,BSE Listed Security 500971,BSE
500972,BSE,500972.BO,BSE Listed Security 500972,BSE
500973,BSE,500973.BO,BSE Listed Security 500973,BSE
500974,BSE,500974.BO,BSE Listed Security 500974,BSE
500975,BSE,500975.BO,BSE Listed Security 500975,BSE
500977,BSE,500977.BO,BSE Listed Security 500977,BSE
500978,BSE,500978.BO,BSE Listed Security 500978,BSE
500979,BSE,500979.BO,BSE Listed Security 500979,BSE
500980,BSE,500980.BO,BSE Listed Security 500980,BSE
500982,BSE,500982.BO,BSE Listed Security 500982,BSE
500984,BSE,500984.BO,BSE Listed Security 500984,BSE
500985,BSE,500985.BO,BSE Listed Security 500985,BSE
500986,BSE,500986.BO,BSE Listed Security 500986,BSE
500987,BSE,500987.BO,BSE Listed Security 500987,BSE
500988,BSE,500988.BO,BSE Listed Security 500988,BSE
500989,BSE,500989.BO,BSE Listed Security 500989,BSE
500991,BSE,500991.BO,BSE Listed Security 500991,BSE
500992,BSE,500992.BO,BSE Listed Security 500992,BSE
500993,BSE,500993.BO,BSE Listed Security 500993,BSE
500995,BSE,500995.BO,BSE Listed Security 500995,BSE
500996,BSE,500996.BO,BSE Listed Security 500996,BSE
500998,BSE,500998.BO,BSE Listed Security 500998,BSE
500999,BSE,500999.BO,BSE Listed Security 500999,BSE
501000,BSE,501000.BO,BSE Listed Security 501000,BSE
501001,BSE,501001.BO,BSE Listed Security 501001,BSE
501002,BSE,501002.BO,BSE Listed Security 501002,BSE
501003,BSE,501003.BO,BSE Listed Security 501003,BSE
501005,BSE,501005.BO,BSE Listed Security 501005,BSE
501006,BSE,501006.BO,BSE Listed Security 501006,BSE
501008,BSE,501008.BO,BSE Listed Security 501008,BSE
501009,BSE,501009.BO,BSE Listed Security 501009,BSE
501010,BSE,501010.BO,BSE Listed Security 501010,BSE
501012,BSE,501012.BO,BSE Listed Security 501012,BSE
501013,BSE,501013.BO,BSE Listed Security 501013,BSE
501014,BSE,501014.BO,BSE Listed Security 501014,BSE
501015,BSE,501015.BO,BSE Listed Security 501015,BSE
501016,BSE,501016.BO,BSE Listed Security 501016,BSE
501017,BSE,501017.BO,BSE Listed Security 501017,BSE
501019,BSE,501019.BO,BSE Listed Security 501019,BSE
501021,BSE,501021.BO,BSE Listed Security 501021,BSE
501022,BSE,501022.BO,BSE Listed Security 501022,BSE
501023,BSE,501023.BO,BSE Listed Security 501023,BSE
501024,BSE,501024.BO,BSE Listed Security 501024,BSE
501026,BSE,501026.BO,BSE Listed Security 501026,BSE
501027,BSE,501027.BO,BSE Listed Security 501027,BSE
501028,BSE,501028.BO,BSE Listed Security 501028,BSE
501029,BSE,501029.BO,BSE Listed Security 501029,BSE
501030,BSE,501030.BO,BSE Listed Security 501030,BSE
501031,BSE,501031.BO,BSE Listed Security 501031,BSE
501034,BSE,501034.BO,BSE Listed Security 501034,BSE
501035,BSE,501035.BO,BSE Listed Security 501035,BSE
501036,BSE,501036.BO,BSE Listed Security 501036,BSE
501037,BSE,501037.BO,BSE Listed Security 501037,BSE
501038,BSE,501038.BO,BSE Listed Security 501038,BSE
501040,BSE,501040.BO,BSE Listed Security 501040,BSE
501041,BSE,501041.BO,BSE Listed Security 501041,BSE
501042,BSE,501042.BO,BSE Listed Security 501042,BSE
501043,BSE,501043.BO,BSE Listed Security 501043,BSE
501044,BSE,501044.BO,BSE Listed Security 501044,BSE
501045,BSE,501045.BO,BSE Listed Security 501045,BSE
501047,BSE,501047.BO,BSE Listed Security 501047,BSE
501048,BSE,501048.BO,BSE Listed Security 501048,BSE
501049,BSE,501049.BO,BSE Listed Security 501049,BSE
501050,BSE,501050.BO,BSE Listed Security 501050,BSE
501051,BSE,501051.BO,BSE Listed Security 501051,BSE
501052,BSE,501052.BO,BSE Listed Security 501052,BSE
501054,BSE,501054.BO,BSE Listed Security 501054,BSE
501055,BSE,501055.BO,BSE Listed Security 501055,BSE
501056,BSE,501056.BO,BSE Listed Security 501056,BSE
501057,BSE,501057.BO,BSE Listed Security 501057,BSE
501058,BSE,501058.BO,BSE Listed Security 501058,BSE
501061,BSE,501061.BO,BSE Listed Security 501061,BSE
501062,BSE,501062.BO,BSE Listed Security 501062,BSE
501063,BSE,501063.BO,BSE Listed Security 501063,BSE
501064,BSE,501064.BO,BSE Listed Security 501064,BSE
501065,BSE,501065.BO,BSE Listed Security 501065,BSE
501066,BSE,501066.BO,BSE Listed Security 501066,BSE
501068,BSE,501068.BO,BSE Listed Security 501068,BSE
501069,BSE,501069.BO,BSE Listed Security 501069,BSE
501070,BSE,501070.BO,BSE Listed Security 501070,BSE
501071,BSE,501071.BO,BSE Listed Security 501071,BSE
501073,BSE,501073.BO,BSE Listed Security 501073,BSE
501075,BSE,501075.BO,BSE Listed Security 501075,BSE
501076,BSE,501076.BO,BSE Listed Security 501076,BSE
501077,BSE,501077.BO,BSE Listed Security 501077,BSE
501078,BSE,501078.BO,BSE Listed Security 501078,BSE
501079,BSE,501079.BO,BSE Listed Security 501079,BSE
501080,BSE,501080.BO,BSE Listed Security 501080,BSE
501082,BSE,501082.BO,BSE Listed Security 501082,BSE
501083,BSE,501083.BO,BSE Listed Security 501083,BSE
501084,BSE,501084.BO,BSE Listed Security 501084,BSE
501086,BSE,501086.BO,BSE Listed Security 501086,BSE
501087,BSE,501087.BO,BSE Listed Security 501087,BSE
501089,BSE,501089.BO,BSE Listed Security 501089,BSE
501090,BSE,501090.BO,BSE Listed Security 501090,BSE
501091,BSE,501091.BO,BSE Listed Security 501091,BSE
501092,BSE,501092.BO,BSE Listed Security 501092,BSE
501093,BSE,501093.BO,BSE Listed Security 501093,BSE
501094,BSE,501094.BO,BSE Listed Security 501094,BSE
501096,BSE,501096.BO,BSE Listed Security 501096,BSE
501097,BSE,501097.BO,BSE Listed Security 501097,BSE
501099,BSE,501099.BO,BSE Listed Security 501099,BSE
501100,BSE,501100.BO,BSE Listed Security 501100,BSE
501101,BSE,501101.BO,BSE Listed Security 501101,BSE
501103,BSE,501103.BO,BSE Listed Security 501103,BSE
501104,BSE,501104.BO,BSE Listed Security 501104,BSE
501105,BSE,501105.BO,BSE Listed Security 501105,BSE
501106,BSE,501106.BO,BSE Listed Security 501106,BSE
501107,BSE,501107.BO,BSE Listed Security 501107,BSE
501108,BSE,501108.BO,BSE Listed Security 501108,BSE
501110,BSE,501110.BO,BSE Listed Security 501110,BSE
501112,BSE,501112.BO,BSE Listed Security 501112,BSE
501113,BSE,501113.BO,BSE Listed Security 501113,BSE
501114,BSE,501114.BO,BSE Listed Security 501114,BSE
501115,BSE,501115.BO,BSE Listed Security 501115,BSE
501117,BSE,501117.BO,BSE Listed Security 501117,BSE
501118,BSE,501118.BO,BSE Listed Security 501118,BSE
501119,BSE,501119.BO,BSE Listed Security 501119,BSE
501120,BSE,501120.BO,BSE Listed Security 501120,BSE
501121,BSE,501121.BO,BSE Listed Security 501121,BSE
501122,BSE,501122.BO,BSE Listed Security 501122,BSE
501125,BSE,501125.BO,BSE Listed Security 501125,BSE
501126,BSE,501126.BO,BSE Listed Security 501126,BSE
501127,BSE,501127.BO,BSE Listed Security 501127,BSE
501128,BSE,501128.BO,BSE Listed Security 501128,BSE
501129,BSE,501129.BO,BSE Listed Security 501129,BSE
501131,BSE,501131.BO,BSE Listed Security 501131,BSE
501132,BSE,501132.BO,BSE Listed Security 501132,BSE
501133,BSE,501133.BO,BSE Listed Security 501133,BSE
501134,BSE,501134.BO,BSE Listed Security 501134,BSE
501135,BSE,501135.BO,BSE Listed Security 501135,BSE
501136,BSE,501136.BO,BSE Listed Security 501136,BSE
501138,BSE,501138.BO,BSE Listed Security 501138,BSE
501139,BSE,501139.BO,BSE Listed Security 501139,BSE
501140,BSE,501140.BO,BSE Listed Security 501140,BSE
501141,BSE,501141.BO,BSE Listed Security 501141,BSE
501142,BSE,501142.BO,BSE Listed Security 501142,BSE
501143,BSE,501143.BO,BSE Listed Security 501143,BSE
501145,BSE,501145.BO,BSE Listed Security 501145,BSE
501146,BSE,501146.BO,BSE Listed Security 501146,BSE
501147,BSE,501147.BO,BSE Listed Security 501147,BSE
501148,BSE,501148.BO,BSE Listed Security 501148,BSE
501149,BSE,501149.BO,BSE Listed Security 501149,BSE
501152,BSE,501152.BO,BSE Listed Security 501152,BSE
501153,BSE,501153.BO,BSE Listed Security 501153,BSE
501154,BSE,501154.BO,BSE Listed Security 501154,BSE
501155,BSE,501155.BO,BSE Listed Security 501155,BSE
501156,BSE,501156.BO,BSE Listed Security 501156,BSE
501157,BSE,501157.BO,BSE Listed Security 501157,BSE
501159,BSE,501159.BO,BSE Listed Security 501159,BSE
501160,BSE,501160.BO,BSE Listed Security 501160,BSE
501161,BSE,501161.BO,BSE Listed Security 501161,BSE
501162,BSE,501162.BO,BSE Listed Security 501162,BSE
501164,BSE,501164.BO,BSE Listed Security 501164,BSE
501166,BSE,501166.BO,BSE Listed Security 501166,BSE
501167,BSE,501167.BO,BSE Listed Security 501167,BSE
501168,BSE,501168.BO,BSE Listed Security 501168,BSE
501169,BSE,501169.BO,BSE Listed Security 501169,BSE
501170,BSE,501170.BO,BSE Listed Security 501170,BSE
501171,BSE,501171.BO,BSE Listed Security 501171,BSE
501173,BSE,501173.BO,BSE Listed Security 501173,BSE
501174,BSE,501174.BO,BSE Listed Security 501174,BSE
501175,BSE,501175.BO,BSE Listed Security 501175,BSE
501177,BSE,501177.BO,BSE Listed Security 501177,BSE
501178,BSE,501178.BO,BSE Listed Security 501178,BSE
501180,BSE,501180.BO,BSE Listed Security 501180,BSE
501181,BSE,501181.BO,BSE Listed Security 501181,BSE
501182,BSE,501182.BO,BSE Listed Security 501182,BSE
501183,BSE,501183.BO,BSE Listed Security 501183,BSE
501184,BSE,501184.BO,BSE Listed Security 501184,BSE
501185,BSE,501185.BO,BSE Listed Security 501185,BSE
501187,BSE,501187.BO,BSE Listed Security 501187,BSE
501188,BSE,501188.BO,BSE Listed Security 501188,BSE
501190,BSE,501190.BO,BSE Listed Security 501190,BSE
501191,BSE,501191.BO,BSE Listed Security 501191,BSE
501192,BSE,501192.BO,BSE Listed Security 501192,BSE
501194,BSE,501194.BO,BSE Listed Security 501194,BSE
501195,BSE,501195.BO,BSE Listed Security 501195,BSE
501196,BSE,501196.BO,BSE Listed Security 501196,BSE
501197,BSE,501197.BO,BSE Listed Security 501197,BSE
501198,BSE,501198.BO,BSE Listed Security 501198,BSE
501199,BSE,501199.BO,BSE Listed Security 501199,BSE
501201,BSE,501201.BO,BSE Listed Security 501201,BSE
501203,BSE,501203.BO,BSE Listed Security 501203,BSE
501204,BSE,501204.BO,BSE Listed Security 501204,BSE
501205,BSE,501205.BO,BSE Listed Security 501205,BSE
501206,BSE,501206.BO,BSE Listed Security 501206,BSE
501208,BSE,501208.BO,BSE Listed Security 501208,BSE
501209,BSE,501209.BO,BSE Listed Security 501209,BSE
501210,BSE,501210.BO,BSE Listed Security 501210,BSE
501211,BSE,501211.BO,BSE Listed Security 501211,BSE
501212,BSE,501212.BO,BSE Listed Security 501212,BSE
501213,BSE,501213.BO,BSE Listed Security 501213,BSE
501216,BSE,501216.BO,BSE Listed Security 501216,BSE
501217,BSE,501217.BO,BSE Listed Security 501217,BSE
501218,BSE,501218.BO,BSE Listed Security 501218,BSE
501219,BSE,501219.BO,BSE Listed Security 501219,BSE
501220,BSE,501220.BO,BSE Listed Security 501220,BSE
501222,BSE,501222.BO,BSE Listed Security 501222,BSE
501223,BSE,501223.BO,BSE Listed Security 501223,BSE
501224,BSE,501224.BO,BSE Listed Security 501224,BSE
501225,BSE,501225.BO,BSE Listed Security 501225,BSE
501226,BSE,501226.BO,BSE Listed Security 501226,BSE
501227,BSE,501227.BO,BSE Listed Security 501227,BSE
501229,BSE,501229.BO,BSE Listed Security 501229,BSE
501230,BSE,501230.BO,BSE Listed Security 501230,BSE
501231,BSE,501231.BO,BSE Listed Security 501231,BSE
501232,BSE,501232.BO,BSE Listed Security 501232,BSE
501233,BSE,501233.BO,BSE Listed Security 501233,BSE
501234,BSE,501234.BO,BSE Listed Security 501234,BSE
501236,BSE,501236.BO,BSE Listed Security 501236,BSE
501237,BSE,501237.BO,BSE Listed Security 501237,BSE
501238,BSE,501238.BO,BSE Listed Security 501238,BSE
501239,BSE,501239.BO,BSE Listed Security 501239,BSE
501240,BSE,501240.BO,BSE Listed Security 501240,BSE
501243,BSE,501243.BO,BSE Listed Security 501243,BSE
501244,BSE,501244.BO,BSE Listed Security 501244,BSE
501245,BSE,501245.BO,BSE Listed Security 501245,BSE
501246,BSE,501246.BO,BSE Listed Security 501246,BSE
501247,BSE,501247.BO,BSE Listed Security 501247,BSE
501248,BSE,501248.BO,BSE Listed Security 501248,BSE
501250,BSE,501250.BO,BSE Listed Security 501250,BSE
501251,BSE,501251.BO,BSE Listed Security 501251,BSE
501252,BSE,501252.BO,BSE Listed Security 501252,BSE
501253,BSE,501253.BO,BSE Listed Security 501253,BSE
501255,BSE,501255.BO,BSE Listed Security 501255,BSE
501257,BSE,501257.BO,BSE Listed Security 501257,BSE
501258,BSE,501258.BO,BSE Listed Security 501258,BSE
501259,BSE,501259.BO,BSE Listed Security 501259,BSE
501260,BSE,501260.BO,BSE Listed Security 501260,BSE
501261,BSE,501261.BO,BSE Listed Security 501261,BSE
501262,BSE,501262.BO,BSE Listed Security 501262,BSE
501264,BSE,501264.BO,BSE Listed Security 501264,BSE
501265,BSE,501265.BO,BSE Listed Security 501265,BSE
501266,BSE,501266.BO,BSE Listed Security 501266,BSE
501268,BSE,501268.BO,BSE Listed Security 501268,BSE
501269,BSE,501269.BO,BSE Listed Security 501269,BSE
501271,BSE,501271.BO,BSE Listed Security 501271,BSE
501272,BSE,501272.BO,BSE Listed Security 501272,BSE
501273,BSE,501273.BO,BSE Listed Security 501273,BSE
501274,BSE,501274.BO,BSE Listed Security 501274,BSE
501275,BSE,501275.BO,BSE Listed Security 501275,BSE
501276,BSE,501276.BO,BSE Listed Security 501276,BSE
501278,BSE,501278.BO,BSE Listed Security 501278,BSE
501279,BSE,501279.BO,BSE Listed Security 501279,BSE
501281,BSE,501281.BO,BSE Listed Security 501281,BSE
501282,BSE,501282.BO,BSE Listed Security 501282,BSE
501283,BSE,501283.BO,BSE Listed Security 501283,BSE
501285,BSE,501285.BO,BSE Listed Security 501285,BSE
501286,BSE,501286.BO,BSE Listed Security 501286,BSE
501287,BSE,501287.BO,BSE Listed Security 501287,BSE
501288,BSE,501288.BO,BSE Listed Security 501288,BSE
501289,BSE,501289.BO,BSE Listed Security 501289,BSE
501290,BSE,501290.BO,BSE Listed Security 501290,BSE
501292,BSE,501292.BO,BSE Listed Security 501292,BSE
501294,BSE,501294.BO,BSE Listed Security 501294,BSE
501295,BSE,501295.BO,BSE Listed Security 501295,BSE
501296,BSE,501296.BO,BSE Listed Security 501296,BSE
501297,BSE,501297.BO,BSE Listed Security 501297,BSE
501299,BSE,501299.BO,BSE Listed Security 501299,BSE
501300,BSE,501300.BO,BSE Listed Security 501300,BSE
501301,BSE,501301.BO,BSE Listed Security 501301,BSE
501302,BSE,501302.BO,BSE Listed Security 501302,BSE
501303,BSE,501303.BO,BSE Listed Security 501303,BSE
501304,BSE,501304.BO,BSE Listed Security 501304,BSE
501307,BSE,501307.BO,BSE Listed Security 501307,BSE
501308,BSE,501308.BO,BSE Listed Security 501308,BSE
501309,BSE,501309.BO,BSE Listed Security 501309,BSE
501310,BSE,501310.BO,BSE Listed Security 501310,BSE
501311,BSE,501311.BO,BSE Listed Security 501311,BSE
501313,BSE,501313.BO,BSE Listed Security 501313,BSE
501314,BSE,501314.BO,BSE Listed Security 501314,BSE
501315,BSE,501315.BO,BSE Listed Security 501315,BSE
501316,BSE,501316.BO,BSE Listed Security 501316,BSE
501317,BSE,501317.BO,BSE Listed Security 501317,BSE
501318,BSE,501318.BO,BSE Listed Security 501318,BSE
501320,BSE,501320.BO,BSE Listed Security 501320,BSE
501321,BSE,501321.BO,BSE Listed Security 501321,BSE
501322,BSE,501322.BO,BSE Listed Security 501322,BSE
501323,BSE,501323.BO,BSE Listed Security 501323,BSE
501324,BSE,501324.BO,BSE Listed Security 501324,BSE
501325,BSE,501325.BO,BSE Listed Security 501325,BSE
501327,BSE,501327.BO,BSE Listed Security 501327,BSE
501328,BSE,501328.BO,BSE Listed Security 501328,BSE
501329,BSE,501329.BO,BSE Listed Security 501329,BSE
501330,BSE,501330.BO,BSE Listed Security 501330,BSE
501331,BSE,501331.BO,BSE Listed Security 501331,BSE
501334,BSE,501334.BO,BSE Listed Security 501334,BSE
501335,BSE,501335.BO,BSE Listed Security 501335,BSE
501336,BSE,501336.BO,BSE Listed Security 501336,BSE
501337,BSE,501337.BO,BSE Listed Security 501337,BSE
501338,BSE,501338.BO,BSE Listed Security 501338,BSE
501339,BSE,501339.BO,BSE Listed Security 501339,BSE
501341,BSE,501341.BO,BSE Listed Security 501341,BSE
501342,BSE,501342.BO,BSE Listed Security 501342,BSE
501343,BSE,501343.BO,BSE Listed Security 501343,BSE
501344,BSE,501344.BO,BSE Listed Security 501344,BSE
501346,BSE,501346.BO,BSE Listed Security 501346,BSE
501348,BSE,501348.BO,BSE Listed Security 501348,BSE
501349,BSE,501349.BO,BSE Listed Security 501349,BSE
501350,BSE,501350.BO,BSE Listed Security 501350,BSE
501351,BSE,501351.BO,BSE Listed Security 501351,BSE
501352,BSE,501352.BO,BSE Listed Security 501352,BSE
501353,BSE,501353.BO,BSE Listed Security 501353,BSE
501355,BSE,501355.BO,BSE Listed Security 501355,BSE
501356,BSE,501356.BO,BSE Listed Security 501356,BSE
501357,BSE,501357.BO,BSE Listed Security 501357,BSE
501359,BSE,501359.BO,BSE Listed Security 501359,BSE
501360,BSE,501360.BO,BSE Listed Security 501360,BSE
501362,BSE,501362.BO,BSE Listed Security 501362,BSE
501363,BSE,501363.BO,BSE Listed Security 501363,BSE
501364,BSE,501364.BO,BSE Listed Security 501364,BSE
501365,BSE,501365.BO,BSE Listed Security 501365,BSE
501366,BSE,501366.BO,BSE Listed Security 501366,BSE
501367,BSE,501367.BO,BSE Listed Security 501367,BSE
501369,BSE,501369.BO,BSE Listed Security 501369,BSE
501370,BSE,501370.BO,BSE Listed Security 501370,BSE
501372,BSE,501372.BO,BSE Listed Security 501372,BSE
501373,BSE,501373.BO,BSE Listed Security 501373,BSE
501374,BSE,501374.BO,BSE Listed Security 501374,BSE
501376,BSE,501376.BO,BSE Listed Security 501376,BSE
501377,BSE,501377.BO,BSE Listed Security 501377,BSE
501378,BSE,501378.BO,BSE Listed Security 501378,BSE
501379,BSE,501379.BO,BSE Listed Security 501379,BSE
501380,BSE,501380.BO,BSE Listed Security 501380,BSE
501381,BSE,501381.BO,BSE Listed Security 501381,BSE
501383,BSE,501383.BO,BSE Listed Security 501383,BSE
501385,BSE,501385.BO,BSE Listed Security 501385,BSE
501386,BSE,501386.BO,BSE Listed Security 501386,BSE
501387,BSE,501387.BO,BSE Listed Security 501387,BSE
501388,BSE,501388.BO,BSE Listed Security 501388,BSE
501390,BSE,501390.BO,BSE Listed Security 501390,BSE
501391,BSE,501391.BO,BSE Listed Security 501391,BSE
501392,BSE,501392.BO,BSE Listed Security 501392,BSE
501393,BSE,501393.BO,BSE Listed Security 501393,BSE
501394,BSE,501394.BO,BSE Listed Security 501394,BSE
501395,BSE,501395.BO,BSE Listed Security 501395,BSE
501398,BSE,501398.BO,BSE Listed Security 501398,BSE
501399,BSE,501399.BO,BSE Listed Security 501399,BSE
501400,BSE,501400.BO,BSE Listed Security 501400,BSE
501401,BSE,501401.BO,BSE Listed Security 501401,BSE
501402,BSE,501402.BO,BSE Listed Security 501402,BSE
501404,BSE,501404.BO,BSE Listed Security 501404,BSE
501405,BSE,501405.BO,BSE Listed Security 501405,BSE
501406,BSE,501406.BO,BSE Listed Security 501406,BSE
501407,BSE,501407.BO,BSE Listed Security 501407,BSE
501408,BSE,501408.BO,BSE Listed Security 501408,BSE
501409,BSE,501409.BO,BSE Listed Security 501409,BSE
501411,BSE,501411.BO,BSE Listed Security 501411,BSE
501412,BSE,501412.BO,BSE Listed Security 501412,BSE
501413,BSE,501413.BO,BSE Listed Security 501413,BSE
501414,BSE,501414.BO,BSE Listed Security 501414,BSE
501415,BSE,501415.BO,BSE Listed Security 501415,BSE
501416,BSE,501416.BO,BSE Listed Security 501416,BSE
501418,BSE,501418.BO,BSE Listed Security 501418,BSE
501419,BSE,501419.BO,BSE Listed Security 501419,BSE
501420,BSE,501420.BO,BSE Listed Security 501420,BSE
501421,BSE,501421.BO,BSE Listed Security 501421,BSE
501422,BSE,501422.BO,BSE Listed Security 501422,BSE
501425,BSE,501425.BO,BSE Listed Security 501425,BSE
501426,BSE,501426.BO,BSE Listed Security 501426,BSE
501427,BSE,501427.BO,BSE Listed Security 501427,BSE
501428,BSE,501428.BO,BSE Listed Security 501428,BSE
501429,BSE,501429.BO,BSE Listed Security 501429,BSE
501430,BSE,501430.BO,BSE Listed Security 501430,BSE
501432,BSE,501432.BO,BSE Listed Security 501432,BSE
501433,BSE,501433.BO,BSE Listed Security 501433,BSE
501434,BSE,501434.BO,BSE Listed Security 501434,BSE
501435,BSE,501435.BO,BSE Listed Security 501435,BSE
501437,BSE,501437.BO,BSE Listed Security 501437,BSE
501439,BSE,501439.BO,BSE Listed Security 501439,BSE
501440,BSE,501440.BO,BSE Listed Security 501440,BSE
501441,BSE,501441.BO,BSE Listed Security 501441,BSE
501442,BSE,501442.BO,BSE Listed Security 501442,BSE
501443,BSE,501443.BO,BSE Listed Security 501443,BSE
501444,BSE,501444.BO,BSE Listed Security 501444,BSE
501446,BSE,501446.BO,BSE Listed Security 501446,BSE
501447,BSE,501447.BO,BSE Listed Security 501447,BSE
501448,BSE,501448.BO,BSE Listed Security 501448,BSE
501450,BSE,501450.BO,BSE Listed Security 501450,BSE
501451,BSE,501451.BO,BSE Listed Security 501451,BSE
501453,BSE,501453.BO,BSE Listed Security 501453,BSE
501454,BSE,501454.BO,BSE Listed Security 501454,BSE
501455,BSE,501455.BO,BSE Listed Security 501455,BSE
501456,BSE,501456.BO,BSE Listed Security 501456,BSE
501457,BSE,501457.BO,BSE Listed Security 501457,BSE
501458,BSE,501458.BO,BSE Listed Security 501458,BSE
501460,BSE,501460.BO,BSE Listed Security 501460,BSE
501461,BSE,501461.BO,BSE Listed Security 501461,BSE
501463,BSE,501463.BO,BSE Listed Security 501463,BSE
501464,BSE,501464.BO,BSE Listed Security 501464,BSE
501465,BSE,501465.BO,BSE Listed Security 501465,BSE
501467,BSE,501467.BO,BSE Listed Security 501467,BSE
501468,BSE,501468.BO,BSE Listed Security 501468,BSE
501469,BSE,501469.BO,BSE Listed Security 501469,BSE
501470,BSE,501470.BO,BSE Listed Security 501470,BSE
501471,BSE,501471.BO,BSE Listed Security 501471,BSE
501472,BSE,501472.BO,BSE Listed Security 501472,BSE
501474,BSE,501474.BO,BSE Listed Security 501474,BSE
501476,BSE,501476.BO,BSE Listed Security 501476,BSE
501477,BSE,501477.BO,BSE Listed Security 501477,BSE
501478,BSE,501478.BO,BSE Listed Security 501478,BSE
501479,BSE,501479.BO,BSE Listed Security 501479,BSE
501481,BSE,501481.BO,BSE Listed Security 501481,BSE
501482,BSE,501482.BO,BSE Listed Security 501482,BSE
501483,BSE,501483.BO,BSE Listed Security 501483,BSE
501484,BSE,501484.BO,BSE Listed Security 501484,BSE
501485,BSE,501485.BO,BSE Listed Security 501485,BSE
501486,BSE,501486.BO,BSE Listed Security 501486,BSE
501489,BSE,501489.BO,BSE Listed Security 501489,BSE
501490,BSE,501490.BO,BSE Listed Security 501490,BSE
501491,BSE,501491.BO,BSE Listed Security 501491,BSE
501492,BSE,501492.BO,BSE Listed Security 501492,BSE
501493,BSE,501493.BO,BSE Listed Security 501493,BSE
501495,BSE,501495.BO,BSE Listed Security 501495,BSE
501496,BSE,501496.BO,BSE Listed Security 501496,BSE
501497,BSE,501497.BO,BSE Listed Security 501497,BSE
501498,BSE,501498.BO,BSE Listed Security 501498,BSE
501499,BSE,501499.BO,BSE Listed Security 501499,BSE
501500,BSE,501500.BO,BSE Listed Security 501500,BSE
501502,BSE,501502.BO,BSE Listed Security 501502,BSE
501503,BSE,501503.BO,BSE Listed Security 501503,BSE
501504,BSE,501504.BO,BSE Listed Security 501504,BSE
501505,BSE,501505.BO,BSE Listed Security 501505,BSE
501506,BSE,501506.BO,BSE Listed Security 501506,BSE
501507,BSE,501507.BO,BSE Listed Security 501507,BSE
501509,BSE,501509.BO,BSE Listed Security 501509,BSE
501510,BSE,501510.BO,BSE Listed Security 501510,BSE
501511,BSE,501511.BO,BSE Listed Security 501511,BSE
501512,BSE,501512.BO,BSE Listed Security 501512,BSE
501513,BSE,501513.BO,BSE Listed Security 501513,BSE
501516,BSE,501516.BO,BSE Listed Security 501516,BSE
501517,BSE,501517.BO,BSE Listed Security 501517,BSE
501518,BSE,501518.BO,BSE Listed Security 501518,BSE
501519,BSE,501519.BO,BSE Listed Security 501519,BSE
501520,BSE,501520.BO,BSE Listed Security 501520,BSE
501521,BSE,501521.BO,BSE Listed Security 501521,BSE
501523,BSE,501523.BO,BSE Listed Security 501523,BSE
501524,BSE,501524.BO,BSE Listed Security 501524,BSE
501525,BSE,501525.BO,BSE Listed Security 501525,BSE
501526,BSE,501526.BO,BSE Listed Security 501526,BSE
501528,BSE,501528.BO,BSE Listed Security 501528,BSE
501530,BSE,501530.BO,BSE Listed Security 501530,BSE
501531,BSE,501531.BO,BSE Listed Security 501531,BSE
501532,BSE,501532.BO,BSE Listed Security 501532,BSE
501533,BSE,501533.BO,BSE Listed Security 501533,BSE
501534,BSE,501534.BO,BSE Listed Security 501534,BSE
501535,BSE,501535.BO,BSE Listed Security 501535,BSE
501537,BSE,501537.BO,BSE Listed Security 501537,BSE
501538,BSE,501538.BO,BSE Listed Security 501538,BSE
501539,BSE,501539.BO,BSE Listed Security 501539,BSE
501541,BSE,501541.BO,BSE Listed Security 501541,BSE
501542,BSE,501542.BO,BSE Listed Security 501542,BSE
501544,BSE,501544.BO,BSE Listed Security 501544,BSE
501545,BSE,501545.BO,BSE Listed Security 501545,BSE
501546,BSE,501546.BO,BSE Listed Security 501546,BSE
501547,BSE,501547.BO,BSE Listed Security 501547,BSE
501548,BSE,501548.BO,BSE Listed Security 501548,BSE
501549,BSE,501549.BO,BSE Listed Security 501549,BSE
501551,BSE,501551.BO,BSE Listed Security 501551,BSE
501552,BSE,501552.BO,BSE Listed Security 501552,BSE
501554,BSE,501554.BO,BSE Listed Security 501554,BSE
501555,BSE,501555.BO,BSE Listed Security 501555,BSE
501556,BSE,501556.BO,BSE Listed Security 501556,BSE
501558,BSE,501558.BO,BSE Listed Security 501558,BSE
501559,BSE,501559.BO,BSE Listed Security 501559,BSE
501560,BSE,501560.BO,BSE Listed Security 501560,BSE
501561,BSE,501561.BO,BSE Listed Security 501561,BSE
501562,BSE,501562.BO,BSE Listed Security 501562,BSE
501563,BSE,501563.BO,BSE Listed Security 501563,BSE
501565,BSE,501565.BO,BSE Listed Security 501565,BSE
501567,BSE,501567.BO,BSE Listed Security 501567,BSE
501568,BSE,501568.BO,BSE Listed Security 501568,BSE
501569,BSE,501569.BO,BSE Listed Security 501569,BSE
501570,BSE,501570.BO,BSE Listed Security 501570,BSE
501572,BSE,501572.BO,BSE Listed Security 501572,BSE
501573,BSE,501573.BO,BSE Listed Security 501573,BSE
501574,BSE,501574.BO,BSE Listed Security 501574,BSE
501575,BSE,501575.BO,BSE Listed Security 501575,BSE
501576,BSE,501576.BO,BSE Listed Security 501576,BSE
501577,BSE,501577.BO,BSE Listed Security 501577,BSE
501580,BSE,501580.BO,BSE Listed Security 501580,BSE
501581,BSE,501581.BO,BSE Listed Security 501581,BSE
501582,BSE,501582.BO,BSE Listed Security 501582,BSE
501583,BSE,501583.BO,BSE Listed Security 501583,BSE
501584,BSE,501584.BO,BSE Listed Security 501584,BSE
501586,BSE,501586.BO,BSE Listed Security 501586,BSE
501587,BSE,501587.BO,BSE Listed Security 501587,BSE
501588,BSE,501588.BO,BSE Listed Security 501588,BSE
501589,BSE,501589.BO,BSE Listed Security 501589,BSE
501590,BSE,501590.BO,BSE Listed Security 501590,BSE
501591,BSE,501591.BO,BSE Listed Security 501591,BSE
501593,BSE,501593.BO,BSE Listed Security 501593,BSE
501594,BSE,501594.BO,BSE Listed Security 501594,BSE
501595,BSE,501595.BO,BSE Listed Security 501595,BSE
501596,BSE,501596.BO,BSE Listed Security 501596,BSE
501597,BSE,501597.BO,BSE Listed Security 501597,BSE
501598,BSE,501598.BO,BSE Listed Security 501598,BSE
501600,BSE,501600.BO,BSE Listed Security 501600,BSE
501601,BSE,501601.BO,BSE Listed Security 501601,BSE
501602,BSE,501602.BO,BSE Listed Security 501602,BSE
501603,BSE,501603.BO,BSE Listed Security 501603,BSE
501604,BSE,501604.BO,BSE Listed Security 501604,BSE
501607,BSE,501607.BO,BSE Listed Security 501607,BSE
501608,BSE,501608.BO,BSE Listed Security 501608,BSE
501609,BSE,501609.BO,BSE Listed Security 501609,BSE
501610,BSE,501610.BO,BSE Listed Security 501610,BSE
501611,BSE,501611.BO,BSE Listed Security 501611,BSE
501612,BSE,501612.BO,BSE Listed Security 501612,BSE
501614,BSE,501614.BO,BSE Listed Security 501614,BSE
501615,BSE,501615.BO,BSE Listed Security 501615,BSE
501616,BSE,501616.BO,BSE Listed Security 501616,BSE
501617,BSE,501617.BO,BSE Listed Security 501617,BSE
501619,BSE,501619.BO,BSE Listed Security 501619,BSE
501621,BSE,501621.BO,BSE Listed Security 501621,BSE
501622,BSE,501622.BO,BSE Listed Security 501622,BSE
501623,BSE,501623.BO,BSE Listed Security 501623,BSE
501624,BSE,501624.BO,BSE Listed Security 501624,BSE
501625,BSE,501625.BO,BSE Listed Security 501625,BSE
501626,BSE,501626.BO,BSE Listed Security 501626,BSE
501628,BSE,501628.BO,BSE Listed Security 501628,BSE
501629,BSE,501629.BO,BSE Listed Security 501629,BSE
501630,BSE,501630.BO,BSE Listed Security 501630,BSE
501632,BSE,501632.BO,BSE Listed Security 501632,BSE
501633,BSE,501633.BO,BSE Listed Security 501633,BSE
501635,BSE,501635.BO,BSE Listed Security 501635,BSE
501636,BSE,501636.BO,BSE Listed Security 501636,BSE
501637,BSE,501637.BO,BSE Listed Security 501637,BSE
501638,BSE,501638.BO,BSE Listed Security 501638,BSE
501639,BSE,501639.BO,BSE Listed Security 501639,BSE
501640,BSE,501640.BO,BSE Listed Security 501640,BSE
501642,BSE,501642.BO,BSE Listed Security 501642,BSE
501643,BSE,501643.BO,BSE Listed Security 501643,BSE
501645,BSE,501645.BO,BSE Listed Security 501645,BSE
501646,BSE,501646.BO,BSE Listed Security 501646,BSE
501647,BSE,501647.BO,BSE Listed Security 501647,BSE
501649,BSE,501649.BO,BSE Listed Security 501649,BSE
501650,BSE,501650.BO,BSE Listed Security 501650,BSE
501651,BSE,501651.BO,BSE Listed Security 501651,BSE
501652,BSE,501652.BO,BSE Listed Security 501652,BSE
501653,BSE,501653.BO,BSE Listed Security 501653,BSE
501654,BSE,501654.BO,BSE Listed Security 501654,BSE
501656,BSE,501656.BO,BSE Listed Security 501656,BSE
501658,BSE,501658.BO,BSE Listed Security 501658,BSE
501659,BSE,501659.BO,BSE Listed Security 501659,BSE
501660,BSE,501660.BO,BSE Listed Security 501660,BSE
501661,BSE,501661.BO,BSE Listed Security 501661,BSE
501663,BSE,501663.BO,BSE Listed Security 501663,BSE
501664,BSE,501664.BO,BSE Listed Security 501664,BSE
501665,BSE,501665.BO,BSE Listed Security 501665,BSE
501666,BSE,501666.BO,BSE Listed Security 501666,BSE
501667,BSE,501667.BO,BSE Listed Security 501667,BSE
501668,BSE,501668.BO,BSE Listed Security 501668,BSE
501671,BSE,501671.BO,BSE Listed Security 501671,BSE
501672,BSE,501672.BO,BSE Listed Security 501672,BSE
501673,BSE,501673.BO,BSE Listed Security 501673,BSE
501674,BSE,501674.BO,BSE Listed Security 501674,BSE
501675,BSE,501675.BO,BSE Listed Security 501675,BSE
501677,BSE,501677.BO,BSE Listed Security 501677,BSE
501678,BSE,501678.BO,BSE Listed Security 501678,BSE
501679,BSE,501679.BO,BSE Listed Security 501679,BSE
501680,BSE,501680.BO,BSE Listed Security 501680,BSE
501681,BSE,501681.BO,BSE Listed Security 501681,BSE
501682,BSE,501682.BO,BSE Listed Security 501682,BSE
501684,BSE,501684.BO,BSE Listed Security 501684,BSE
501685,BSE,501685.BO,BSE Listed Security 501685,BSE
501686,BSE,501686.BO,BSE Listed Security 501686,BSE
501687,BSE,501687.BO,BSE Listed Security 501687,BSE
501688,BSE,501688.BO,BSE Listed Security 501688,BSE
501689,BSE,501689.BO,BSE Listed Security 501689,BSE
501691,BSE,501691.BO,BSE Listed Security 501691,BSE
501692,BSE,501692.BO,BSE Listed Security 501692,BSE
501693,BSE,501693.BO,BSE Listed Security 501693,BSE
501694,BSE,501694.BO,BSE Listed Security 501694,BSE
501695,BSE,501695.BO,BSE Listed Security 501695,BSE
501698,BSE,501698.BO,BSE Listed Security 501698,BSE
501699,BSE,501699.BO,BSE Listed Security 501699,BSE
501700,BSE,501700.BO,BSE Listed Security 501700,BSE
501701,BSE,501701.BO,BSE Listed Security 501701,BSE
501702,BSE,501702.BO,BSE Listed Security 501702,BSE
501703,BSE,501703.BO,BSE Listed Security 501703,BSE
501705,BSE,501705.BO,BSE Listed Security 501705,BSE
501706,BSE,501706.BO,BSE Listed Security 501706,BSE
501707,BSE,501707.BO,BSE Listed Security 501707,BSE
501708,BSE,501708.BO,BSE Listed Security 501708,BSE
501710,BSE,501710.BO,BSE Listed Security 501710,BSE
501712,BSE,501712.BO,BSE Listed Security 501712,BSE
501713,BSE,501713.BO,BSE Listed Security 501713,BSE
501714,BSE,501714.BO,BSE Listed Security 501714,BSE
501715,BSE,501715.BO,BSE Listed Security 501715,BSE
501716,BSE,501716.BO,BSE Listed Security 501716,BSE
501717,BSE,501717.BO,BSE Listed Security 501717,BSE
501719,BSE,501719.BO,BSE Listed Security 501719,BSE
501720,BSE,501720.BO,BSE Listed Security 501720,BSE
501721,BSE,501721.BO,BSE Listed Security 501721,BSE
501723,BSE,501723.BO,BSE Listed Security 501723,BSE
501724,BSE,501724.BO,BSE Listed Security 501724,BSE
501726,BSE,501726.BO,BSE Listed Security 501726,BSE
501727,BSE,501727.BO,BSE Listed Security 501727,BSE
501728,BSE,501728.BO,BSE Listed Security 501728,BSE
501729,BSE,501729.BO,BSE Listed Security 501729,BSE
501730,BSE,501730.BO,BSE Listed Security 501730,BSE
501731,BSE,501731.BO,BSE Listed Security 501731,BSE
501733,BSE,501733.BO,BSE Listed Security 501733,BSE
501734,BSE,501734.BO,BSE Listed Security 501734,BSE
501736,BSE,501736.BO,BSE Listed Security 501736,BSE
501737,BSE,501737.BO,BSE Listed Security 501737,BSE
501738,BSE,501738.BO,BSE Listed Security 501738,BSE
501740,BSE,501740.BO,BSE Listed Security 501740,BSE
501741,BSE,501741.BO,BSE Listed Security 501741,BSE
501742,BSE,501742.BO,BSE Listed Security 501742,BSE
501743,BSE,501743.BO,BSE Listed Security 501743,BSE
501744,BSE,501744.BO,BSE Listed Security 501744,BSE
501745,BSE,501745.BO,BSE Listed Security 501745,BSE
501747,BSE,501747.BO,BSE Listed Security 501747,BSE
501749,BSE,501749.BO,BSE Listed Security 501749,BSE
501750,BSE,501750.BO,BSE Listed Security 501750,BSE
501751,BSE,501751.BO,BSE Listed Security 501751,BSE
501752,BSE,501752.BO,BSE Listed Security 501752,BSE
501754,BSE,501754.BO,BSE Listed Security 501754,BSE
501755,BSE,501755.BO,BSE Listed Security 501755,BSE
501756,BSE,501756.BO,BSE Listed Security 501756,BSE
501757,BSE,501757.BO,BSE Listed Security 501757,BSE
501758,BSE,501758.BO,BSE Listed Security 501758,BSE
501759,BSE,501759.BO,BSE Listed Security 501759,BSE
501762,BSE,501762.BO,BSE Listed Security 501762,BSE
501763,BSE,501763.BO,BSE Listed Security 501763,BSE
501764,BSE,501764.BO,BSE Listed Security 501764,BSE
501765,BSE,501765.BO,BSE Listed Security 501765,BSE
501766,BSE,501766.BO,BSE Listed Security 501766,BSE
501768,BSE,501768.BO,BSE Listed Security 501768,BSE
501769,BSE,501769.BO,BSE Listed Security 501769,BSE
501770,BSE,501770.BO,BSE Listed Security 501770,BSE
501771,BSE,501771.BO,BSE Listed Security 501771,BSE
501772,BSE,501772.BO,BSE Listed Security 501772,BSE
501773,BSE,501773.BO,BSE Listed Security 501773,BSE
501775,BSE,501775.BO,BSE Listed Security 501775,BSE
501776,BSE,501776.BO,BSE Listed Security 501776,BSE
501777,BSE,501777.BO,BSE Listed Security 501777,BSE
501778,BSE,501778.BO,BSE Listed Security 501778,BSE
501779,BSE,501779.BO,BSE Listed Security 501779,BSE
501780,BSE,501780.BO,BSE Listed Security 501780,BSE
501782,BSE,501782.BO,BSE Listed Security 501782,BSE
501783,BSE,501783.BO,BSE Listed Security 501783,BSE
501784,BSE,501784.BO,BSE Listed Security 501784,BSE
501785,BSE,501785.BO,BSE Listed Security 501785,BSE
501786,BSE,501786.BO,BSE Listed Security 501786,BSE
501789,BSE,501789.BO,BSE Listed Security 501789,BSE
501790,BSE,501790.BO,BSE Listed Security 501790,BSE
501791,BSE,501791.BO,BSE Listed Security 501791,BSE
501792,BSE,501792.BO,BSE Listed Security 501792,BSE
501793,BSE,501793.BO,BSE Listed Security 501793,BSE
501794,BSE,501794.BO,BSE Listed Security 501794,BSE
501796,BSE,501796.BO,BSE Listed Security 501796,BSE
501797,BSE,501797.BO,BSE Listed Security 501797,BSE
501798,BSE,501798.BO,BSE Listed Security 501798,BSE
501799,BSE,501799.BO,BSE Listed Security 501799,BSE
501801,BSE,501801.BO,BSE Listed Security 501801,BSE
501803,BSE,501803.BO,BSE Listed Security 501803,BSE
501804,BSE,501804.BO,BSE Listed Security 501804,BSE
501805,BSE,501805.BO,BSE Listed Security 501805,BSE
501806,BSE,501806.BO,BSE Listed Security 501806,BSE
501807,BSE,501807.BO,BSE Listed Security 501807,BSE
501808,BSE,501808.BO,BSE Listed Security 501808,BSE
501810,BSE,501810.BO,BSE Listed Security 501810,BSE
501811,BSE,501811.BO,BSE Listed Security 501811,BSE
501812,BSE,501812.BO,BSE Listed Security 501812,BSE
501814,BSE,501814.BO,BSE Listed Security 501814,BSE
501815,BSE,501815.BO,BSE Listed Security 501815,BSE
501817,BSE,501817.BO,BSE Listed Security 501817,BSE
501818,BSE,501818.BO,BSE Listed Security 501818,BSE
501819,BSE,501819.BO,BSE Listed Security 501819,BSE
501820,BSE,501820.BO,BSE Listed Security 501820,BSE
501821,BSE,501821.BO,BSE Listed Security 501821,BSE
501822,BSE,501822.BO,BSE Listed Security 501822,BSE
501824,BSE,501824.BO,BSE Listed Security 501824,BSE
501825,BSE,501825.BO,BSE Listed Security 501825,BSE
501827,BSE,501827.BO,BSE Listed Security 501827,BSE
501828,BSE,501828.BO,BSE Listed Security 501828,BSE
501829,BSE,501829.BO,BSE Listed Security 501829,BSE
501831,BSE,501831.BO,BSE Listed Security 501831,BSE
501832,BSE,501832.BO,BSE Listed Security 501832,BSE
501833,BSE,501833.BO,BSE Listed Security 501833,BSE
501834,BSE,501834.BO,BSE Listed Security 501834,BSE
501835,BSE,501835.BO,BSE Listed Security 501835,BSE
501836,BSE,501836.BO,BSE Listed Security 501836,BSE
501838,BSE,501838.BO,BSE Listed Security 501838,BSE
501840,BSE,501840.BO,BSE Listed Security 501840,BSE
501841,BSE,501841.BO,BSE Listed Security 501841,BSE
501842,BSE,501842.BO,BSE Listed Security 501842,BSE
501843,BSE,501843.BO,BSE Listed Security 501843,BSE
501845,BSE,501845.BO,BSE Listed Security 501845,BSE
501846,BSE,501846.BO,BSE Listed Security 501846,BSE
501847,BSE,501847.BO,BSE Listed Security 501847,BSE
501848,BSE,501848.BO,BSE Listed Security 501848,BSE
501849,BSE,501849.BO,BSE Listed Security 501849,BSE
501850,BSE,501850.BO,BSE Listed Security 501850,BSE
501853,BSE,501853.BO,BSE Listed Security 501853,BSE
501854,BSE,501854.BO,BSE Listed Security 501854,BSE
501855,BSE,501855.BO,BSE Listed Security 501855,BSE
501856,BSE,501856.BO,BSE Listed Security 501856,BSE
501857,BSE,501857.BO,BSE Listed Security 501857,BSE
501859,BSE,501859.BO,BSE Listed Security 501859,BSE
501860,BSE,501860.BO,BSE Listed Security 501860,BSE
501861,BSE,501861.BO,BSE Listed Security 501861,BSE
501862,BSE,501862.BO,BSE Listed Security 501862,BSE
501863,BSE,501863.BO,BSE Listed Security 501863,BSE
501864,BSE,501864.BO,BSE Listed Security 501864,BSE
501866,BSE,501866.BO,BSE Listed Security 501866,BSE
501867,BSE,501867.BO,BSE Listed Security 501867,BSE
501868,BSE,501868.BO,BSE Listed Security 501868,BSE
501869,BSE,501869.BO,BSE Listed Security 501869,BSE
501870,BSE,501870.BO,BSE Listed Security 501870,BSE
501871,BSE,501871.BO,BSE Listed Security 501871,BSE
501873,BSE,501873.BO,BSE Listed Security 501873,BSE
501874,BSE,501874.BO,BSE Listed Security 501874,BSE
501875,BSE,501875.BO,BSE Listed Security 501875,BSE
501876,BSE,501876.BO,BSE Listed Security 501876,BSE
501877,BSE,501877.BO,BSE Listed Security 501877,BSE
501880,BSE,501880.BO,BSE Listed Security 501880,BSE
501881,BSE,501881.BO,BSE Listed Security 501881,BSE
501882,BSE,501882.BO,BSE Listed Security 501882,BSE
501883,BSE,501883.BO,BSE Listed Security 501883,BSE
501884,BSE,501884.BO,BSE Listed Security 501884,BSE
501885,BSE,501885.BO,BSE Listed Security 501885,BSE
501887,BSE,501887.BO,BSE Listed Security 501887,BSE
501888,BSE,501888.BO,BSE Listed Security 501888,BSE
501889,BSE,501889.BO,BSE Listed Security 501889,BSE
501890,BSE,501890.BO,BSE Listed Security 501890,BSE
501892,BSE,501892.BO,BSE Listed Security 501892,BSE
501894,BSE,501894.BO,BSE Listed Security 501894,BSE
501895,BSE,501895.BO,BSE Listed Security 501895,BSE
501896,BSE,501896.BO,BSE Listed Security 501896,BSE
501897,BSE,501897.BO,BSE Listed Security 501897,BSE
501898,BSE,501898.BO,BSE Listed Security 501898,BSE
501899,BSE,501899.BO,BSE Listed Security 501899,BSE
501901,BSE,501901.BO,BSE Listed Security 501901,BSE
501902,BSE,501902.BO,BSE Listed Security 501902,BSE
501903,BSE,501903.BO,BSE Listed Security 501903,BSE
501905,BSE,501905.BO,BSE Listed Security 501905,BSE
501906,BSE,501906.BO,BSE Listed Security 501906,BSE
501908,BSE,501908.BO,BSE Listed Security 501908,BSE
501909,BSE,501909.BO,BSE Listed Security 501909,BSE
501910,BSE,501910.BO,BSE Listed Security 501910,BSE
501911,BSE,501911.BO,BSE Listed Security 501911,BSE
501912,BSE,501912.BO,BSE Listed Security 501912,BSE
501913,BSE,501913.BO,BSE Listed Security 501913,BSE
501915,BSE,501915.BO,BSE Listed Security 501915,BSE
501916,BSE,501916.BO,BSE Listed Security 501916,BSE
501918,BSE,501918.BO,BSE Listed Security 501918,BSE
501919,BSE,501919.BO,BSE Listed Security 501919,BSE
501920,BSE,501920.BO,BSE Listed Security 501920,BSE
501922,BSE,501922.BO,BSE Listed Security 501922,BSE
501923,BSE,501923.BO,BSE Listed Security 501923,BSE
501924,BSE,501924.BO,BSE Listed Security 501924,BSE
501925,BSE,501925.BO,BSE Listed Security 501925,BSE
501926,BSE,501926.BO,BSE Listed Security 501926,BSE
501927,BSE,501927.BO,BSE Listed Security 501927,BSE
501929,BSE,501929.BO,BSE Listed Security 501929,BSE
501931,BSE,501931.BO,BSE Listed Security 501931,BSE
501932,BSE,501932.BO,BSE Listed Security 501932,BSE
501933,BSE,501933.BO,BSE Listed Security 501933,BSE
501934,BSE,501934.BO,BSE Listed Security 501934,BSE
501936,BSE,501936.BO,BSE Listed Security 501936,BSE
501937,BSE,501937.BO,BSE Listed Security 501937,BSE
501938,BSE,501938.BO,BSE Listed Security 501938,BSE
501939,BSE,501939.BO,BSE Listed Security 501939,BSE
501940,BSE,501940.BO,BSE Listed Security 501940,BSE
501941,BSE,501941.BO,BSE Listed Security 501941,BSE
501944,BSE,501944.BO,BSE Listed Security 501944,BSE
501945,BSE,501945.BO,BSE Listed Security 501945,BSE
501946,BSE,501946.BO,BSE Listed Security 501946,BSE
501947,BSE,501947.BO,BSE Listed Security 501947,BSE
501948,BSE,501948.BO,BSE Listed Security 501948,BSE
501950,BSE,501950.BO,BSE Listed Security 501950,BSE
501951,BSE,501951.BO,BSE Listed Security 501951,BSE
501952,BSE,501952.BO,BSE Listed Security 501952,BSE
501953,BSE,501953.BO,BSE Listed Security 501953,BSE
501954,BSE,501954.BO,BSE Listed Security 501954,BSE
501955,BSE,501955.BO,BSE Listed Security 501955,BSE
501957,BSE,501957.BO,BSE Listed Security 501957,BSE
501958,BSE,501958.BO,BSE Listed Security 501958,BSE
501959,BSE,501959.BO,BSE Listed Security 501959,BSE
501960,BSE,501960.BO,BSE Listed Security 501960,BSE
501961,BSE,501961.BO,BSE Listed Security 501961,BSE
501962,BSE,501962.BO,BSE Listed Security 501962,BSE
501964,BSE,501964.BO,BSE Listed Security 501964,BSE
501965,BSE,501965.BO,BSE Listed Security 501965,BSE
501966,BSE,501966.BO,BSE Listed Security 501966,BSE
501967,BSE,501967.BO,BSE Listed Security 501967,BSE
501968,BSE,501968.BO,BSE Listed Security 501968,BSE
501971,BSE,501971.BO,BSE Listed Security 501971,BSE
501972,BSE,501972.BO,BSE Listed Security 501972,BSE
501973,BSE,501973.BO,BSE Listed Security 501973,BSE
501974,BSE,501974.BO,BSE Listed Security 501974,BSE
501975,BSE,501975.BO,BSE Listed Security 501975,BSE
501976,BSE,501976.BO,BSE Listed Security 501976,BSE
501978,BSE,501978.BO,BSE Listed Security 501978,BSE
501979,BSE,501979.BO,BSE Listed Security 501979,BSE
501980,BSE,501980.BO,BSE Listed Security 501980,BSE
501981,BSE,501981.BO,BSE Listed Security 501981,BSE
501983,BSE,501983.BO,BSE Listed Security 501983,BSE
501985,BSE,501985.BO,BSE Listed Security 501985,BSE
501986,BSE,501986.BO,BSE Listed Security 501986,BSE
501987,BSE,501987.BO,BSE Listed Security 501987,BSE
501988,BSE,501988.BO,BSE Listed Security 501988,BSE
501989,BSE,501989.BO,BSE Listed Security 501989,BSE
501990,BSE,501990.BO,BSE Listed Security 501990,BSE
501992,BSE,501992.BO,BSE Listed Security 501992,BSE
501993,BSE,501993.BO,BSE Listed Security 501993,BSE
501994,BSE,501994.BO,BSE Listed Security 501994,BSE
501996,BSE,501996.BO,BSE Listed Security 501996,BSE
501997,BSE,501997.BO,BSE Listed Security 501997,BSE
501999,BSE,501999.BO,BSE Listed Security 501999,BSE
502000,BSE,502000.BO,BSE Listed Security 502000,BSE
502001,BSE,502001.BO,BSE Listed Security 502001,BSE
502002,BSE,502002.BO,BSE Listed Security 502002,BSE
502003,BSE,502003.BO,BSE Listed Security 502003,BSE
502004,BSE,502004.BO,BSE Listed Security 502004,BSE
502006,BSE,502006.BO,BSE Listed Security 502006,BSE
502007,BSE,502007.BO,BSE Listed Security 502007,BSE
502009,BSE,502009.BO,BSE Listed Security 502009,BSE
502010,BSE,502010.BO,BSE Listed Security 502010,BSE
502011,BSE,502011.BO,BSE Listed Security 502011,BSE
502013,BSE,502013.BO,BSE Listed Security 502013,BSE
502014,BSE,502014.BO,BSE Listed Security 502014,BSE
502015,BSE,502015.BO,BSE Listed Security 502015,BSE
502016,BSE,502016.BO,BSE Listed Security 502016,BSE
502017,BSE,502017.BO,BSE Listed Security 502017,BSE
502018,BSE,502018.BO,BSE Listed Security 502018,BSE
502020,BSE,502020.BO,BSE Listed Security 502020,BSE
502022,BSE,502022.BO,BSE Listed Security 502022,BSE
502023,BSE,502023.BO,BSE Listed Security 502023,BSE
502024,BSE,502024.BO,BSE Listed Security 502024,BSE
502025,BSE,502025.BO,BSE Listed Security 502025,BSE
502027,BSE,502027.BO,BSE Listed Security 502027,BSE
502028,BSE,502028.BO,BSE Listed Security 502028,BSE
502029,BSE,502029.BO,BSE Listed Security 502029,BSE
502030,BSE,502030.BO,BSE Listed Security 502030,BSE
502031,BSE,502031.BO,BSE Listed Security 502031,BSE
502032,BSE,502032.BO,BSE Listed Security 502032,BSE
502035,BSE,502035.BO,BSE Listed Security 502035,BSE
502036,BSE,502036.BO,BSE Listed Security 502036,BSE
502037,BSE,502037.BO,BSE Listed Security 502037,BSE
502038,BSE,502038.BO,BSE Listed Security 502038,BSE
502039,BSE,502039.BO,BSE Listed Security 502039,BSE
502041,BSE,502041.BO,BSE Listed Security 502041,BSE
502042,BSE,502042.BO,BSE Listed Security 502042,BSE
502043,BSE,502043.BO,BSE Listed Security 502043,BSE
502044,BSE,502044.BO,BSE Listed Security 502044,BSE
502045,BSE,502045.BO,BSE Listed Security 502045,BSE
502046,BSE,502046.BO,BSE Listed Security 502046,BSE
502048,BSE,502048.BO,BSE Listed Security 502048,BSE
502049,BSE,502049.BO,BSE Listed Security 502049,BSE
502050,BSE,502050.BO,BSE Listed Security 502050,BSE
502051,BSE,502051.BO,BSE Listed Security 502051,BSE
502052,BSE,502052.BO,BSE Listed Security 502052,BSE
502053,BSE,502053.BO,BSE Listed Security 502053,BSE
502055,BSE,502055.BO,BSE Listed Security 502055,BSE
502056,BSE,502056.BO,BSE Listed Security 502056,BSE
502057,BSE,502057.BO,BSE Listed Security 502057,BSE
502058,BSE,502058.BO,BSE Listed Security 502058,BSE
502059,BSE,502059.BO,BSE Listed Security 502059,BSE
502062,BSE,502062.BO,BSE Listed Security 502062,BSE
502063,BSE,502063.BO,BSE Listed Security 502063,BSE
502064,BSE,502064.BO,BSE Listed Security 502064,BSE
502065,BSE,502065.BO,BSE Listed Security 502065,BSE
502066,BSE,502066.BO,BSE Listed Security 502066,BSE
502067,BSE,502067.BO,BSE Listed Security 502067,BSE
502069,BSE,502069.BO,BSE Listed Security 502069,BSE
502070,BSE,502070.BO,BSE Listed Security 502070,BSE
502071,BSE,502071.BO,BSE Listed Security 502071,BSE
502072,BSE,502072.BO,BSE Listed Security 502072,BSE
502074,BSE,502074.BO,BSE Listed Security 502074,BSE
502076,BSE,502076.BO,BSE Listed Security 502076,BSE
502077,BSE,502077.BO,BSE Listed Security 502077,BSE
502078,BSE,502078.BO,BSE Listed Security 502078,BSE
502079,BSE,502079.BO,BSE Listed Security 502079,BSE
502080,BSE,502080.BO,BSE Listed Security 502080,BSE
502081,BSE,502081.BO,BSE Listed Security 502081,BSE
502083,BSE,502083.BO,BSE Listed Security 502083,BSE
502084,BSE,502084.BO,BSE Listed Security 502084,BSE
502085,BSE,502085.BO,BSE Listed Security 502085,BSE
502087,BSE,502087.BO,BSE Listed Security 502087,BSE
502088,BSE,502088.BO,BSE Listed Security 502088,BSE
502090,BSE,502090.BO,BSE Listed Security 502090,BSE
502091,BSE,502091.BO,BSE Listed Security 502091,BSE
502092,BSE,502092.BO,BSE Listed Security 502092,BSE
502093,BSE,502093.BO,BSE Listed Security 502093,BSE
502094,BSE,502094.BO,BSE Listed Security 502094,BSE
502095,BSE,502095.BO,BSE Listed Security 502095,BSE
502097,BSE,502097.BO,BSE Listed Security 502097,BSE
502098,BSE,502098.BO,BSE Listed Security 502098,BSE
502100,BSE,502100.BO,BSE Listed Security 502100,BSE
502101,BSE,502101.BO,BSE Listed Security 502101,BSE
502102,BSE,502102.BO,BSE Listed Security 502102,BSE
502104,BSE,502104.BO,BSE Listed Security 502104,BSE
502105,BSE,502105.BO,BSE Listed Security 502105,BSE
502106,BSE,502106.BO,BSE Listed Security 502106,BSE
502107,BSE,502107.BO,BSE Listed Security 502107,BSE
502108,BSE,502108.BO,BSE Listed Security 502108,BSE
502109,BSE,502109.BO,BSE Listed Security 502109,BSE
502111,BSE,502111.BO,BSE Listed Security 502111,BSE
502113,BSE,502113.BO,BSE Listed Security 502113,BSE
502114,BSE,502114.BO,BSE Listed Security 502114,BSE
502115,BSE,502115.BO,BSE Listed Security 502115,BSE
502116,BSE,502116.BO,BSE Listed Security 502116,BSE
502118,BSE,502118.BO,BSE Listed Security 502118,BSE
502119,BSE,502119.BO,BSE Listed Security 502119,BSE
502120,BSE,502120.BO,BSE Listed Security 502120,BSE
502121,BSE,502121.BO,BSE Listed Security 502121,BSE
502122,BSE,502122.BO,BSE Listed Security 502122,BSE
502123,BSE,502123.BO,BSE Listed Security 502123,BSE
502126,BSE,502126.BO,BSE Listed Security 502126,BSE
502127,BSE,502127.BO,BSE Listed Security 502127,BSE
502128,BSE,502128.BO,BSE Listed Security 502128,BSE
502129,BSE,502129.BO,BSE Listed Security 502129,BSE
502130,BSE,502130.BO,BSE Listed Security 502130,BSE
502132,BSE,502132.BO,BSE Listed Security 502132,BSE
502133,BSE,502133.BO,BSE Listed Security 502133,BSE
502134,BSE,502134.BO,BSE Listed Security 502134,BSE
502135,BSE,502135.BO,BSE Listed Security 502135,BSE
502136,BSE,502136.BO,BSE Listed Security 502136,BSE
502137,BSE,502137.BO,BSE Listed Security 502137,BSE
502139,BSE,502139.BO,BSE Listed Security 502139,BSE
502140,BSE,502140.BO,BSE Listed Security 502140,BSE
502141,BSE,502141.BO,BSE Listed Security 502141,BSE
502142,BSE,502142.BO,BSE Listed Security 502142,BSE
502143,BSE,502143.BO,BSE Listed Security 502143,BSE
502144,BSE,502144.BO,BSE Listed Security 502144,BSE
502146,BSE,502146.BO,BSE Listed Security 502146,BSE
502147,BSE,502147.BO,BSE Listed Security 502147,BSE
502148,BSE,502148.BO,BSE Listed Security 502148,BSE
502149,BSE,502149.BO,BSE Listed Security 502149,BSE
502150,BSE,502150.BO,BSE Listed Security 502150,BSE
502153,BSE,502153.BO,BSE Listed Security 502153,BSE
502154,BSE,502154.BO,BSE Listed Security 502154,BSE
502155,BSE,502155.BO,BSE Listed Security 502155,BSE
502156,BSE,502156.BO,BSE Listed Security 502156,BSE
502157,BSE,502157.BO,BSE Listed Security 502157,BSE
502158,BSE,502158.BO,BSE Listed Security 502158,BSE
502160,BSE,502160.BO,BSE Listed Security 502160,BSE
502161,BSE,502161.BO,BSE Listed Security 502161,BSE
502162,BSE,502162.BO,BSE Listed Security 502162,BSE
502163,BSE,502163.BO,BSE Listed Security 502163,BSE
502165,BSE,502165.BO,BSE Listed Security 502165,BSE
502167,BSE,502167.BO,BSE Listed Security 502167,BSE
502168,BSE,502168.BO,BSE Listed Security 502168,BSE
502169,BSE,502169.BO,BSE Listed Security 502169,BSE
502170,BSE,502170.BO,BSE Listed Security 502170,BSE
502171,BSE,502171.BO,BSE Listed Security 502171,BSE
502172,BSE,502172.BO,BSE Listed Security 502172,BSE
502174,BSE,502174.BO,BSE Listed Security 502174,BSE
502175,BSE,502175.BO,BSE Listed Security 502175,BSE
502176,BSE,502176.BO,BSE Listed Security 502176,BSE
502178,BSE,502178.BO,BSE Listed Security 502178,BSE
502179,BSE,502179.BO,BSE Listed Security 502179,BSE
502181,BSE,502181.BO,BSE Listed Security 502181,BSE
502182,BSE,502182.BO,BSE Listed Security 502182,BSE
502183,BSE,502183.BO,BSE Listed Security 502183,BSE
502184,BSE,502184.BO,BSE Listed Security 502184,BSE
502185,BSE,502185.BO,BSE Listed Security 502185,BSE
502186,BSE,502186.BO,BSE Listed Security 502186,BSE
502188,BSE,502188.BO,BSE Listed Security 502188,BSE
502189,BSE,502189.BO,BSE Listed Security 502189,BSE
502191,BSE,502191.BO,BSE Listed Security 502191,BSE
502192,BSE,502192.BO,BSE Listed Security 502192,BSE
502193,BSE,502193.BO,BSE Listed Security 502193,BSE
502195,BSE,502195.BO,BSE Listed Security 502195,BSE
502196,BSE,502196.BO,BSE Listed Security 502196,BSE
502197,BSE,502197.BO,BSE Listed Security 502197,BSE
502198,BSE,502198.BO,BSE Listed Security 502198,BSE
502199,BSE,502199.BO,BSE Listed Security 502199,BSE
502200,BSE,502200.BO,BSE Listed Security 502200,BSE
502202,BSE,502202.BO,BSE Listed Security 502202,BSE
502204,BSE,502204.BO,BSE Listed Security 502204,BSE
502205,BSE,502205.BO,BSE Listed Security 502205,BSE
502206,BSE,502206.BO,BSE Listed Security 502206,BSE
502207,BSE,502207.BO,BSE Listed Security 502207,BSE
502209,BSE,502209.BO,BSE Listed Security 502209,BSE
502210,BSE,502210.BO,BSE Listed Security 502210,BSE
502211,BSE,502211.BO,BSE Listed Security 502211,BSE
502212,BSE,502212.BO,BSE Listed Security 502212,BSE
502213,BSE,502213.BO,BSE Listed Security 502213,BSE
502214,BSE,502214.BO,BSE Listed Security 502214,BSE
502217,BSE,502217.BO,BSE Listed Security 502217,BSE
502218,BSE,502218.BO,BSE Listed Security 502218,BSE
502219,BSE,502219.BO,BSE Listed Security 502219,BSE
502220,BSE,502220.BO,BSE Listed Security 502220,BSE
502221,BSE,502221.BO,BSE Listed Security 502221,BSE
502223,BSE,502223.BO,BSE Listed Security 502223,BSE
502224,BSE,502224.BO,BSE Listed Security 502224,BSE
502225,BSE,502225.BO,BSE Listed Security 502225,BSE
502226,BSE,502226.BO,BSE Listed Security 502226,BSE
502227,BSE,502227.BO,BSE Listed Security 502227,BSE
502228,BSE,502228.BO,BSE Listed Security 502228,BSE
502230,BSE,502230.BO,BSE Listed Security 502230,BSE
502231,BSE,502231.BO,BSE Listed Security 502231,BSE
502232,BSE,502232.BO,BSE Listed Security 502232,BSE
502233,BSE,502233.BO,BSE Listed Security 502233,BSE
502234,BSE,502234.BO,BSE Listed Security 502234,BSE
502235,BSE,502235.BO,BSE Listed Security 502235,BSE
502237,BSE,502237.BO,BSE Listed Security 502237,BSE
502238,BSE,502238.BO,BSE Listed Security 502238,BSE
502239,BSE,502239.BO,BSE Listed Security 502239,BSE
502240,BSE,502240.BO,BSE Listed Security 502240,BSE
502241,BSE,502241.BO,BSE Listed Security 502241,BSE
502244,BSE,502244.BO,BSE Listed Security 502244,BSE
502245,BSE,502245.BO,BSE Listed Security 502245,BSE
502246,BSE,502246.BO,BSE Listed Security 502246,BSE
502247,BSE,502247.BO,BSE Listed Security 502247,BSE
502248,BSE,502248.BO,BSE Listed Security 502248,BSE
502249,BSE,502249.BO,BSE Listed Security 502249,BSE
502251,BSE,502251.BO,BSE Listed Security 502251,BSE
502252,BSE,502252.BO,BSE Listed Security 502252,BSE
502253,BSE,502253.BO,BSE Listed Security 502253,BSE
502254,BSE,502254.BO,BSE Listed Security 502254,BSE
502256,BSE,502256.BO,BSE Listed Security 502256,BSE
502258,BSE,502258.BO,BSE Listed Security 502258,BSE
502259,BSE,502259.BO,BSE Listed Security 502259,BSE
502260,BSE,502260.BO,BSE Listed Security 502260,BSE
502261,BSE,502261.BO,BSE Listed Security 502261,BSE
502262,BSE,502262.BO,BSE Listed Security 502262,BSE
502263,BSE,502263.BO,BSE Listed Security 502263,BSE
502265,BSE,502265.BO,BSE Listed Security 502265,BSE
502266,BSE,502266.BO,BSE Listed Security 502266,BSE
502267,BSE,502267.BO,BSE Listed Security 502267,BSE
502269,BSE,502269.BO,BSE Listed Security 502269,BSE
502270,BSE,502270.BO,BSE Listed Security 502270,BSE
502272,BSE,502272.BO,BSE Listed Security 502272,BSE
502273,BSE,502273.BO,BSE Listed Security 502273,BSE
502274,BSE,502274.BO,BSE Listed Security 502274,BSE
502275,BSE,502275.BO,BSE Listed Security 502275,BSE
502276,BSE,502276.BO,BSE Listed Security 502276,BSE
502277,BSE,502277.BO,BSE Listed Security 502277,BSE
502279,BSE,502279.BO,BSE Listed Security 502279,BSE
502280,BSE,502280.BO,BSE Listed Security 502280,BSE
502282,BSE,502282.BO,BSE Listed Security 502282,BSE
502283,BSE,502283.BO,BSE Listed Security 502283,BSE
502284,BSE,502284.BO,BSE Listed Security 502284,BSE
502286,BSE,502286.BO,BSE Listed Security 502286,BSE
502287,BSE,502287.BO,BSE Listed Security 502287,BSE
502288,BSE,502288.BO,BSE Listed Security 502288,BSE
502289,BSE,502289.BO,BSE Listed Security 502289,BSE
502290,BSE,502290.BO,BSE Listed Security 502290,BSE
502291,BSE,502291.BO,BSE Listed Security 502291,BSE
502293,BSE,502293.BO,BSE Listed Security 502293,BSE
502295,BSE,502295.BO,BSE Listed Security 502295,BSE
502296,BSE,502296.BO,BSE Listed Security 502296,BSE
502297,BSE,502297.BO,BSE Listed Security 502297,BSE
502298,BSE,502298.BO,BSE Listed Security 502298,BSE
502300,BSE,502300.BO,BSE Listed Security 502300,BSE
502301,BSE,502301.BO,BSE Listed Security 502301,BSE
502302,BSE,502302.BO,BSE Listed Security 502302,BSE
502303,BSE,502303.BO,BSE Listed Security 502303,BSE
502304,BSE,502304.BO,BSE Listed Security 502304,BSE
502305,BSE,502305.BO,BSE Listed Security 502305,BSE
502308,BSE,502308.BO,BSE Listed Security 502308,BSE
502309,BSE,502309.BO,BSE Listed Security 502309,BSE
502310,BSE,502310.BO,BSE Listed Security 502310,BSE
502311,BSE,502311.BO,BSE Listed Security 502311,BSE
502312,BSE,502312.BO,BSE Listed Security 502312,BSE
502314,BSE,502314.BO,BSE Listed Security 502314,BSE
502315,BSE,502315.BO,BSE Listed Security 502315,BSE
502316,BSE,502316.BO,BSE Listed Security 502316,BSE
502317,BSE,502317.BO,BSE Listed Security 502317,BSE
502318,BSE,502318.BO,BSE Listed Security 502318,BSE
502319,BSE,502319.BO,BSE Listed Security 502319,BSE
502321,BSE,502321.BO,BSE Listed Security 502321,BSE
502322,BSE,502322.BO,BSE Listed Security 502322,BSE
502323,BSE,502323.BO,BSE Listed Security 502323,BSE
502324,BSE,502324.BO,BSE Listed Security 502324,BSE
502325,BSE,502325.BO,BSE Listed Security 502325,BSE
502326,BSE,502326.BO,BSE Listed Security 502326,BSE
502328,BSE,502328.BO,BSE Listed Security 502328,BSE
502329,BSE,502329.BO,BSE Listed Security 502329,BSE
502330,BSE,502330.BO,BSE Listed Security 502330,BSE
502331,BSE,502331.BO,BSE Listed Security 502331,BSE
502332,BSE,502332.BO,BSE Listed Security 502332,BSE
502335,BSE,502335.BO,BSE Listed Security 502335,BSE
502336,BSE,502336.BO,BSE Listed Security 502336,BSE
502337,BSE,502337.BO,BSE Listed Security 502337,BSE
502338,BSE,502338.BO,BSE Listed Security 502338,BSE
502339,BSE,502339.BO,BSE Listed Security 502339,BSE
502340,BSE,502340.BO,BSE Listed Security 502340,BSE
502342,BSE,502342.BO,BSE Listed Security 502342,BSE
502343,BSE,502343.BO,BSE Listed Security 502343,BSE
502344,BSE,502344.BO,BSE Listed Security 502344,BSE
502345,BSE,502345.BO,BSE Listed Security 502345,BSE
502347,BSE,502347.BO,BSE Listed Security 502347,BSE
502349,BSE,502349.BO,BSE Listed Security 502349,BSE
502350,BSE,502350.BO,BSE Listed Security 502350,BSE
502351,BSE,502351.BO,BSE Listed Security 502351,BSE
502352,BSE,502352.BO,BSE Listed Security 502352,BSE
502353,BSE,502353.BO,BSE Listed Security 502353,BSE
502354,BSE,502354.BO,BSE Listed Security 502354,BSE
502356,BSE,502356.BO,BSE Listed Security 502356,BSE
502357,BSE,502357.BO,BSE Listed Security 502357,BSE
502358,BSE,502358.BO,BSE Listed Security 502358,BSE
502360,BSE,502360.BO,BSE Listed Security 502360,BSE
502361,BSE,502361.BO,BSE Listed Security 502361,BSE
502363,BSE,502363.BO,BSE Listed Security 502363,BSE
502364,BSE,502364.BO,BSE Listed Security 502364,BSE
502365,BSE,502365.BO,BSE Listed Security 502365,BSE
502366,BSE,502366.BO,BSE Listed Security 502366,BSE
502367,BSE,502367.BO,BSE Listed Security 502367,BSE
502368,BSE,502368.BO,BSE Listed Security 502368,BSE
502370,BSE,502370.BO,BSE Listed Security 502370,BSE
502371,BSE,502371.BO,BSE Listed Security 502371,BSE
502373,BSE,502373.BO,BSE Listed Security 502373,BSE
502374,BSE,502374.BO,BSE Listed Security 502374,BSE
502375,BSE,502375.BO,BSE Listed Security 502375,BSE
502377,BSE,502377.BO,BSE Listed Security 502377,BSE
502378,BSE,502378.BO,BSE Listed Security 502378,BSE
502379,BSE,502379.BO,BSE Listed Security 502379,BSE
502380,BSE,502380.BO,BSE Listed Security 502380,BSE
502381,BSE,502381.BO,BSE Listed Security 502381,BSE
502382,BSE,502382.BO,BSE Listed Security 502382,BSE
502384,BSE,502384.BO,BSE Listed Security 502384,BSE
502386,BSE,502386.BO,BSE Listed Security 502386,BSE
502387,BSE,502387.BO,BSE Listed Security 502387,BSE
502388,BSE,502388.BO,BSE Listed Security 502388,BSE
502389,BSE,502389.BO,BSE Listed Security 502389,BSE
502391,BSE,502391.BO,BSE Listed Security 502391,BSE
502392,BSE,502392.BO,BSE Listed Security 502392,BSE
502393,BSE,502393.BO,BSE Listed Security 502393,BSE
502394,BSE,502394.BO,BSE Listed Security 502394,BSE
502395,BSE,502395.BO,BSE Listed Security 502395,BSE
502396,BSE,502396.BO,BSE Listed Security 502396,BSE
502399,BSE,502399.BO,BSE Listed Security 502399,BSE
502400,BSE,502400.BO,BSE Listed Security 502400,BSE
502401,BSE,502401.BO,BSE Listed Security 502401,BSE
502402,BSE,502402.BO,BSE Listed Security 502402,BSE
502403,BSE,502403.BO,BSE Listed Security 502403,BSE
502405,BSE,502405.BO,BSE Listed Security 502405,BSE
502406,BSE,502406.BO,BSE Listed Security 502406,BSE
502407,BSE,502407.BO,BSE Listed Security 502407,BSE
502408,BSE,502408.BO,BSE Listed Security 502408,BSE
502409,BSE,502409.BO,BSE Listed Security 502409,BSE
502410,BSE,502410.BO,BSE Listed Security 502410,BSE
502412,BSE,502412.BO,BSE Listed Security 502412,BSE
502413,BSE,502413.BO,BSE Listed Security 502413,BSE
502414,BSE,502414.BO,BSE Listed Security 502414,BSE
502415,BSE,502415.BO,BSE Listed Security 502415,BSE
502416,BSE,502416.BO,BSE Listed Security 502416,BSE
502417,BSE,502417.BO,BSE Listed Security 502417,BSE
502419,BSE,502419.BO,BSE Listed Security 502419,BSE
502420,BSE,502420.BO,BSE Listed Security 502420,BSE
502421,BSE,502421.BO,BSE Listed Security 502421,BSE
502422,BSE,502422.BO,BSE Listed Security 502422,BSE
502423,BSE,502423.BO,BSE Listed Security 502423,BSE
502426,BSE,502426.BO,BSE Listed Security 502426,BSE
502427,BSE,502427.BO,BSE Listed Security 502427,BSE
502428,BSE,502428.BO,BSE Listed Security 502428,BSE
502429,BSE,502429.BO,BSE Listed Security 502429,BSE
502430,BSE,502430.BO,BSE Listed Security 502430,BSE
502431,BSE,502431.BO,BSE Listed Security 502431,BSE
502433,BSE,502433.BO,BSE Listed Security 502433,BSE
502434,BSE,502434.BO,BSE Listed Security 502434,BSE
502435,BSE,502435.BO,BSE Listed Security 502435,BSE
502436,BSE,502436.BO,BSE Listed Security 502436,BSE
502438,BSE,502438.BO,BSE Listed Security 502438,BSE
502440,BSE,502440.BO,BSE Listed Security 502440,BSE
502441,BSE,502441.BO,BSE Listed Security 502441,BSE
502442,BSE,502442.BO,BSE Listed Security 502442,BSE
502443,BSE,502443.BO,BSE Listed Security 502443,BSE
502444,BSE,502444.BO,BSE Listed Security 502444,BSE
502445,BSE,502445.BO,BSE Listed Security 502445,BSE
502447,BSE,502447.BO,BSE Listed Security 502447,BSE
502448,BSE,502448.BO,BSE Listed Security 502448,BSE
502449,BSE,502449.BO,BSE Listed Security 502449,BSE
502451,BSE,502451.BO,BSE Listed Security 502451,BSE
502452,BSE,502452.BO,BSE Listed Security 502452,BSE
502454,BSE,502454.BO,BSE Listed Security 502454,BSE
502455,BSE,502455.BO,BSE Listed Security 502455,BSE
502456,BSE,502456.BO,BSE Listed Security 502456,BSE
502457,BSE,502457.BO,BSE Listed Security 502457,BSE
502458,BSE,502458.BO,BSE Listed Security 502458,BSE
502459,BSE,502459.BO,BSE Listed Security 502459,BSE
502461,BSE,502461.BO,BSE Listed Security 502461,BSE
502462,BSE,502462.BO,BSE Listed Security 502462,BSE
502464,BSE,502464.BO,BSE Listed Security 502464,BSE
502465,BSE,502465.BO,BSE Listed Security 502465,BSE
502466,BSE,502466.BO,BSE Listed Security 502466,BSE
502468,BSE,502468.BO,BSE Listed Security 502468,BSE
502469,BSE,502469.BO,BSE Listed Security 502469,BSE
502470,BSE,502470.BO,BSE Listed Security 502470,BSE
502471,BSE,502471.BO,BSE Listed Security 502471,BSE
502472,BSE,502472.BO,BSE Listed Security 502472,BSE
502473,BSE,502473.BO,BSE Listed Security 502473,BSE
502475,BSE,502475.BO,BSE Listed Security 502475,BSE
502477,BSE,502477.BO,BSE Listed Security 502477,BSE
502478,BSE,502478.BO,BSE Listed Security 502478,BSE
502479,BSE,502479.BO,BSE Listed Security 502479,BSE
502480,BSE,502480.BO,BSE Listed Security 502480,BSE
502482,BSE,502482.BO,BSE Listed Security 502482,BSE
502483,BSE,502483.BO,BSE Listed Security 502483,BSE
502484,BSE,502484.BO,BSE Listed Security 502484,BSE
502485,BSE,502485.BO,BSE Listed Security 502485,BSE
502486,BSE,502486.BO,BSE Listed Security 502486,BSE
502487,BSE,502487.BO,BSE Listed Security 502487,BSE
502490,BSE,502490.BO,BSE Listed Security 502490,BSE
502491,BSE,502491.BO,BSE Listed Security 502491,BSE
502492,BSE,502492.BO,BSE Listed Security 502492,BSE
502493,BSE,502493.BO,BSE Listed Security 502493,BSE
502494,BSE,502494.BO,BSE Listed Security 502494,BSE
502496,BSE,502496.BO,BSE Listed Security 502496,BSE
502497,BSE,502497.BO,BSE Listed Security 502497,BSE
502498,BSE,502498.BO,BSE Listed Security 502498,BSE
502499,BSE,502499.BO,BSE Listed Security 502499,BSE
502500,BSE,502500.BO,BSE Listed Security 502500,BSE
502501,BSE,502501.BO,BSE Listed Security 502501,BSE
502503,BSE,502503.BO,BSE Listed Security 502503,BSE
502504,BSE,502504.BO,BSE Listed Security 502504,BSE
502505,BSE,502505.BO,BSE Listed Security 502505,BSE
502506,BSE,502506.BO,BSE Listed Security 502506,BSE
502507,BSE,502507.BO,BSE Listed Security 502507,BSE
502508,BSE,502508.BO,BSE Listed Security 502508,BSE
502510,BSE,502510.BO,BSE Listed Security 502510,BSE
502511,BSE,502511.BO,BSE Listed Security 502511,BSE
502512,BSE,502512.BO,BSE Listed Security 502512,BSE
502513,BSE,502513.BO,BSE Listed Security 502513,BSE
502514,BSE,502514.BO,BSE Listed Security 502514,BSE
502517,BSE,502517.BO,BSE Listed Security 502517,BSE
502518,BSE,502518.BO,BSE Listed Security 502518,BSE
502519,BSE,502519.BO,BSE Listed Security 502519,BSE
502520,BSE,502520.BO,BSE Listed Security 502520,BSE
502521,BSE,502521.BO,BSE Listed Security 502521,BSE
502522,BSE,502522.BO,BSE Listed Security 502522,BSE
502524,BSE,502524.BO,BSE Listed Security 502524,BSE
502525,BSE,502525.BO,BSE Listed Security 502525,BSE
502526,BSE,502526.BO,BSE Listed Security 502526,BSE
502527,BSE,502527.BO,BSE Listed Security 502527,BSE
502529,BSE,502529.BO,BSE Listed Security 502529,BSE
502531,BSE,502531.BO,BSE Listed Security 502531,BSE
502532,BSE,502532.BO,BSE Listed Security 502532,BSE
502533,BSE,502533.BO,BSE Listed Security 502533,BSE
502534,BSE,502534.BO,BSE Listed Security 502534,BSE
502535,BSE,502535.BO,BSE Listed Security 502535,BSE
502536,BSE,502536.BO,BSE Listed Security 502536,BSE
502538,BSE,502538.BO,BSE Listed Security 502538,BSE
502539,BSE,502539.BO,BSE Listed Security 502539,BSE
502540,BSE,502540.BO,BSE Listed Security 502540,BSE
502542,BSE,502542.BO,BSE Listed Security 502542,BSE
502543,BSE,502543.BO,BSE Listed Security 502543,BSE
502545,BSE,502545.BO,BSE Listed Security 502545,BSE
502546,BSE,502546.BO,BSE Listed Security 502546,BSE
502547,BSE,502547.BO,BSE Listed Security 502547,BSE
502548,BSE,502548.BO,BSE Listed Security 502548,BSE
502549,BSE,502549.BO,BSE Listed Security 502549,BSE
502550,BSE,502550.BO,BSE Listed Security 502550,BSE
502552,BSE,502552.BO,BSE Listed Security 502552,BSE
502553,BSE,502553.BO,BSE Listed Security 502553,BSE
502555,BSE,502555.BO,BSE Listed Security 502555,BSE
502556,BSE,502556.BO,BSE Listed Security 502556,BSE
502557,BSE,502557.BO,BSE Listed Security 502557,BSE
502559,BSE,502559.BO,BSE Listed Security 502559,BSE
502560,BSE,502560.BO,BSE Listed Security 502560,BSE
502561,BSE,502561.BO,BSE Listed Security 502561,BSE
502562,BSE,502562.BO,BSE Listed Security 502562,BSE
502563,BSE,502563.BO,BSE Listed Security 502563,BSE
502564,BSE,502564.BO,BSE Listed Security 502564,BSE
502566,BSE,502566.BO,BSE Listed Security 502566,BSE
502568,BSE,502568.BO,BSE Listed Security 502568,BSE
502569,BSE,502569.BO,BSE Listed Security 502569,BSE
502570,BSE,502570.BO,BSE Listed Security 502570,BSE
502571,BSE,502571.BO,BSE Listed Security 502571,BSE
502573,BSE,502573.BO,BSE Listed Security 502573,BSE
502574,BSE,502574.BO,BSE Listed Security 502574,BSE
502575,BSE,502575.BO,BSE Listed Security 502575,BSE
502576,BSE,502576.BO,BSE Listed Security 502576,BSE
502577,BSE,502577.BO,BSE Listed Security 502577,BSE
502578,BSE,502578.BO,BSE Listed Security 502578,BSE
502581,BSE,502581.BO,BSE Listed Security 502581,BSE
502582,BSE,502582.BO,BSE Listed Security 502582,BSE
502583,BSE,502583.BO,BSE Listed Security 502583,BSE
502584,BSE,502584.BO,BSE Listed Security 502584,BSE
502585,BSE,502585.BO,BSE Listed Security 502585,BSE
502587,BSE,502587.BO,BSE Listed Security 502587,BSE
502588,BSE,502588.BO,BSE Listed Security 502588,BSE
502589,BSE,502589.BO,BSE Listed Security 502589,BSE
502590,BSE,502590.BO,BSE Listed Security 502590,BSE
502591,BSE,502591.BO,BSE Listed Security 502591,BSE
502592,BSE,502592.BO,BSE Listed Security 502592,BSE
502594,BSE,502594.BO,BSE Listed Security 502594,BSE
502595,BSE,502595.BO,BSE Listed Security 502595,BSE
502596,BSE,502596.BO,BSE Listed Security 502596,BSE
502597,BSE,502597.BO,BSE Listed Security 502597,BSE
502598,BSE,502598.BO,BSE Listed Security 502598,BSE
502599,BSE,502599.BO,BSE Listed Security 502599,BSE
502601,BSE,502601.BO,BSE Listed Security 502601,BSE
502602,BSE,502602.BO,BSE Listed Security 502602,BSE
502603,BSE,502603.BO,BSE Listed Security 502603,BSE
502604,BSE,502604.BO,BSE Listed Security 502604,BSE
502605,BSE,502605.BO,BSE Listed Security 502605,BSE
502608,BSE,502608.BO,BSE Listed Security 502608,BSE
502609,BSE,502609.BO,BSE Listed Security 502609,BSE
502610,BSE,502610.BO,BSE Listed Security 502610,BSE
502611,BSE,502611.BO,BSE Listed Security 502611,BSE
502612,BSE,502612.BO,BSE Listed Security 502612,BSE
502613,BSE,502613.BO,BSE Listed Security 502613,BSE
502615,BSE,502615.BO,BSE Listed Security 502615,BSE
502616,BSE,502616.BO,BSE Listed Security 502616,BSE
502617,BSE,502617.BO,BSE Listed Security 502617,BSE
502618,BSE,502618.BO,BSE Listed Security 502618,BSE
502620,BSE,502620.BO,BSE Listed Security 502620,BSE
502622,BSE,502622.BO,BSE Listed Security 502622,BSE
502623,BSE,502623.BO,BSE Listed Security 502623,BSE
502624,BSE,502624.BO,BSE Listed Security 502624,BSE
502625,BSE,502625.BO,BSE Listed Security 502625,BSE
502626,BSE,502626.BO,BSE Listed Security 502626,BSE
502627,BSE,502627.BO,BSE Listed Security 502627,BSE
502629,BSE,502629.BO,BSE Listed Security 502629,BSE
502630,BSE,502630.BO,BSE Listed Security 502630,BSE
502631,BSE,502631.BO,BSE Listed Security 502631,BSE
502633,BSE,502633.BO,BSE Listed Security 502633,BSE
502634,BSE,502634.BO,BSE Listed Security 502634,BSE
502636,BSE,502636.BO,BSE Listed Security 502636,BSE
502637,BSE,502637.BO,BSE Listed Security 502637,BSE
502638,BSE,502638.BO,BSE Listed Security 502638,BSE
502639,BSE,502639.BO,BSE Listed Security 502639,BSE
502640,BSE,502640.BO,BSE Listed Security 502640,BSE
502641,BSE,502641.BO,BSE Listed Security 502641,BSE
502643,BSE,502643.BO,BSE Listed Security 502643,BSE
502644,BSE,502644.BO,BSE Listed Security 502644,BSE
502646,BSE,502646.BO,BSE Listed Security 502646,BSE
502647,BSE,502647.BO,BSE Listed Security 502647,BSE
502648,BSE,502648.BO,BSE Listed Security 502648,BSE
502650,BSE,502650.BO,BSE Listed Security 502650,BSE
502651,BSE,502651.BO,BSE Listed Security 502651,BSE
502652,BSE,502652.BO,BSE Listed Security 502652,BSE
502653,BSE,502653.BO,BSE Listed Security 502653,BSE
502654,BSE,502654.BO,BSE Listed Security 502654,BSE
502655,BSE,502655.BO,BSE Listed Security 502655,BSE
502657,BSE,502657.BO,BSE Listed Security 502657,BSE
502659,BSE,502659.BO,BSE Listed Security 502659,BSE
502660,BSE,502660.BO,BSE Listed Security 502660,BSE
502661,BSE,502661.BO,BSE Listed Security 502661,BSE
502662,BSE,502662.BO,BSE Listed Security 502662,BSE
502664,BSE,502664.BO,BSE Listed Security 502664,BSE
502665,BSE,502665.BO,BSE Listed Security 502665,BSE
502666,BSE,502666.BO,BSE Listed Security 502666,BSE
502667,BSE,502667.BO,BSE Listed Security 502667,BSE
502668,BSE,502668.BO,BSE Listed Security 502668,BSE
502669,BSE,502669.BO,BSE Listed Security 502669,BSE
502672,BSE,502672.BO,BSE Listed Security 502672,BSE
502673,BSE,502673.BO,BSE Listed Security 502673,BSE
502674,BSE,502674.BO,BSE Listed Security 502674,BSE
502675,BSE,502675.BO,BSE Listed Security 502675,BSE
502676,BSE,502676.BO,BSE Listed Security 502676,BSE
502678,BSE,502678.BO,BSE Listed Security 502678,BSE
502679,BSE,502679.BO,BSE Listed Security 502679,BSE
502680,BSE,502680.BO,BSE Listed Security 502680,BSE
502681,BSE,502681.BO,BSE Listed Security 502681,BSE
502682,BSE,502682.BO,BSE Listed Security 502682,BSE
502683,BSE,502683.BO,BSE Listed Security 502683,BSE
502685,BSE,502685.BO,BSE Listed Security 502685,BSE
502686,BSE,502686.BO,BSE Listed Security 502686,BSE
502687,BSE,502687.BO,BSE Listed Security 502687,BSE
502688,BSE,502688.BO,BSE Listed Security 502688,BSE
502689,BSE,502689.BO,BSE Listed Security 502689,BSE
502690,BSE,502690.BO,BSE Listed Security 502690,BSE
502692,BSE,502692.BO,BSE Listed Security 502692,BSE
502693,BSE,502693.BO,BSE Listed Security 502693,BSE
502694,BSE,502694.BO,BSE Listed Security 502694,BSE
502695,BSE,502695.BO,BSE Listed Security 502695,BSE
502696,BSE,502696.BO,BSE Listed Security 502696,BSE
502699,BSE,502699.BO,BSE Listed Security 502699,BSE
502700,BSE,502700.BO,BSE Listed Security 502700,BSE
502701,BSE,502701.BO,BSE Listed Security 502701,BSE
502702,BSE,502702.BO,BSE Listed Security 502702,BSE
502703,BSE,502703.BO,BSE Listed Security 502703,BSE
502704,BSE,502704.BO,BSE Listed Security 502704,BSE
502706,BSE,502706.BO,BSE Listed Security 502706,BSE
502707,BSE,502707.BO,BSE Listed Security 502707,BSE
502708,BSE,502708.BO,BSE Listed Security 502708,BSE
502709,BSE,502709.BO,BSE Listed Security 502709,BSE
502711,BSE,502711.BO,BSE Listed Security 502711,BSE
502713,BSE,502713.BO,BSE Listed Security 502713,BSE
502714,BSE,502714.BO,BSE Listed Security 502714,BSE
502715,BSE,502715.BO,BSE Listed Security 502715,BSE
502716,BSE,502716.BO,BSE Listed Security 502716,BSE
502717,BSE,502717.BO,BSE Listed Security 502717,BSE
502718,BSE,502718.BO,BSE Listed Security 502718,BSE
502720,BSE,502720.BO,BSE Listed Security 502720,BSE
502721,BSE,502721.BO,BSE Listed Security 502721,BSE
502722,BSE,502722.BO,BSE Listed Security 502722,BSE
502724,BSE,502724.BO,BSE Listed Security 502724,BSE
502725,BSE,502725.BO,BSE Listed Security 502725,BSE
502727,BSE,502727.BO,BSE Listed Security 502727,BSE
502728,BSE,502728.BO,BSE Listed Security 502728,BSE
502729,BSE,502729.BO,BSE Listed Security 502729,BSE
502730,BSE,502730.BO,BSE Listed Security 502730,BSE
502731,BSE,502731.BO,BSE Listed Security 502731,BSE
502732,BSE,502732.BO,BSE Listed Security 502732,BSE
502734,BSE,502734.BO,BSE Listed Security 502734,BSE
502735,BSE,502735.BO,BSE Listed Security 502735,BSE
502737,BSE,502737.BO,BSE Listed Security 502737,BSE
502738,BSE,502738.BO,BSE Listed Security 502738,BSE
502739,BSE,502739.BO,BSE Listed Security 502739,BSE
502741,BSE,502741.BO,BSE Listed Security 502741,BSE
502742,BSE,502742.BO,BSE Listed Security 502742,BSE
502743,BSE,502743.BO,BSE Listed Security 502743,BSE
502744,BSE,502744.BO,BSE Listed Security 502744,BSE
502745,BSE,502745.BO,BSE Listed Security 502745,BSE
502746,BSE,502746.BO,BSE Listed Security 502746,BSE
502748,BSE,502748.BO,BSE Listed Security 502748,BSE
502750,BSE,502750.BO,BSE Listed Security 502750,BSE
502751,BSE,502751.BO,BSE Listed Security 502751,BSE
502752,BSE,502752.BO,BSE Listed Security 502752,BSE
502753,BSE,502753.BO,BSE Listed Security 502753,BSE
502755,BSE,502755.BO,BSE Listed Security 502755,BSE
502756,BSE,502756.BO,BSE Listed Security 502756,BSE
502757,BSE,502757.BO,BSE Listed Security 502757,BSE
502758,BSE,502758.BO,BSE Listed Security 502758,BSE
502759,BSE,502759.BO,BSE Listed Security 502759,BSE
502760,BSE,502760.BO,BSE Listed Security 502760,BSE
502763,BSE,502763.BO,BSE Listed Security 502763,BSE
502764,BSE,502764.BO,BSE Listed Security 502764,BSE
502765,BSE,502765.BO,BSE Listed Security 502765,BSE
502766,BSE,502766.BO,BSE Listed Security 502766,BSE
502767,BSE,502767.BO,BSE Listed Security 502767,BSE
502769,BSE,502769.BO,BSE Listed Security 502769,BSE
502770,BSE,502770.BO,BSE Listed Security 502770,BSE
502771,BSE,502771.BO,BSE Listed Security 502771,BSE
502772,BSE,502772.BO,BSE Listed Security 502772,BSE
502773,BSE,502773.BO,BSE Listed Security 502773,BSE
502774,BSE,502774.BO,BSE Listed Security 502774,BSE
502776,BSE,502776.BO,BSE Listed Security 502776,BSE
502777,BSE,502777.BO,BSE Listed Security 502777,BSE
502778,BSE,502778.BO,BSE Listed Security 502778,BSE
502779,BSE,502779.BO,BSE Listed Security 502779,BSE
502780,BSE,502780.BO,BSE Listed Security 502780,BSE
502781,BSE,502781.BO,BSE Listed Security 502781,BSE
502783,BSE,502783.BO,BSE Listed Security 502783,BSE
502784,BSE,502784.BO,BSE Listed Security 502784,BSE
502785,BSE,502785.BO,BSE Listed Security 502785,BSE
502786,BSE,502786.BO,BSE Listed Security 502786,BSE
502787,BSE,502787.BO,BSE Listed Security 502787,BSE
502790,BSE,502790.BO,BSE Listed Security 502790,BSE
502791,BSE,502791.BO,BSE Listed Security 502791,BSE
502792,BSE,502792.BO,BSE Listed Security 502792,BSE
502793,BSE,502793.BO,BSE Listed Security 502793,BSE
502794,BSE,502794.BO,BSE Listed Security 502794,BSE
502795,BSE,502795.BO,BSE Listed Security 502795,BSE
502797,BSE,502797.BO,BSE Listed Security 502797,BSE
502798,BSE,502798.BO,BSE Listed Security 502798,BSE
502799,BSE,502799.BO,BSE Listed Security 502799,BSE
502800,BSE,502800.BO,BSE Listed Security 502800,BSE
502802,BSE,502802.BO,BSE Listed Security 502802,BSE
502804,BSE,502804.BO,BSE Listed Security 502804,BSE
502805,BSE,502805.BO,BSE Listed Security 502805,BSE
502806,BSE,502806.BO,BSE Listed Security 502806,BSE
502807,BSE,502807.BO,BSE Listed Security 502807,BSE
502808,BSE,502808.BO,BSE Listed Security 502808,BSE
502809,BSE,502809.BO,BSE Listed Security 502809,BSE
502811,BSE,502811.BO,BSE Listed Security 502811,BSE
502812,BSE,502812.BO,BSE Listed Security 502812,BSE
502813,BSE,502813.BO,BSE Listed Security 502813,BSE
502815,BSE,502815.BO,BSE Listed Security 502815,BSE
502816,BSE,502816.BO,BSE Listed Security 502816,BSE
502818,BSE,502818.BO,BSE Listed Security 502818,BSE
502819,BSE,502819.BO,BSE Listed Security 502819,BSE
502820,BSE,502820.BO,BSE Listed Security 502820,BSE
502821,BSE,502821.BO,BSE Listed Security 502821,BSE
502822,BSE,502822.BO,BSE Listed Security 502822,BSE
502823,BSE,502823.BO,BSE Listed Security 502823,BSE
502825,BSE,502825.BO,BSE Listed Security 502825,BSE
502826,BSE,502826.BO,BSE Listed Security 502826,BSE
502828,BSE,502828.BO,BSE Listed Security 502828,BSE
502829,BSE,502829.BO,BSE Listed Security 502829,BSE
502830,BSE,502830.BO,BSE Listed Security 502830,BSE
502832,BSE,502832.BO,BSE Listed Security 502832,BSE
502833,BSE,502833.BO,BSE Listed Security 502833,BSE
502834,BSE,502834.BO,BSE Listed Security 502834,BSE
502835,BSE,502835.BO,BSE Listed Security 502835,BSE
502836,BSE,502836.BO,BSE Listed Security 502836,BSE
502837,BSE,502837.BO,BSE Listed Security 502837,BSE
502839,BSE,502839.BO,BSE Listed Security 502839,BSE
502841,BSE,502841.BO,BSE Listed Security 502841,BSE
502842,BSE,502842.BO,BSE Listed Security 502842,BSE
502843,BSE,502843.BO,BSE Listed Security 502843,BSE
502844,BSE,502844.BO,BSE Listed Security 502844,BSE
502846,BSE,502846.BO,BSE Listed Security 502846,BSE
502847,BSE,502847.BO,BSE Listed Security 502847,BSE
502848,BSE,502848.BO,BSE Listed Security 502848,BSE
502849,BSE,502849.BO,BSE Listed Security 502849,BSE
502850,BSE,502850.BO,BSE Listed Security 502850,BSE
502851,BSE,502851.BO,BSE Listed Security 502851,BSE
502854,BSE,502854.BO,BSE Listed Security 502854,BSE
502855,BSE,502855.BO,BSE Listed Security 502855,BSE
502856,BSE,502856.BO,BSE Listed Security 502856,BSE
502857,BSE,502857.BO,BSE Listed Security 502857,BSE
502858,BSE,502858.BO,BSE Listed Security 502858,BSE
502860,BSE,502860.BO,BSE Listed Security 502860,BSE
502861,BSE,502861.BO,BSE Listed Security 502861,BSE
502862,BSE,502862.BO,BSE Listed Security 502862,BSE
502863,BSE,502863.BO,BSE Listed Security 502863,BSE
502864,BSE,502864.BO,BSE Listed Security 502864,BSE
502865,BSE,502865.BO,BSE Listed Security 502865,BSE
502867,BSE,502867.BO,BSE Listed Security 502867,BSE
502868,BSE,502868.BO,BSE Listed Security 502868,BSE
502869,BSE,502869.BO,BSE Listed Security 502869,BSE
502870,BSE,502870.BO,BSE Listed Security 502870,BSE
502871,BSE,502871.BO,BSE Listed Security 502871,BSE
502872,BSE,502872.BO,BSE Listed Security 502872,BSE
502874,BSE,502874.BO,BSE Listed Security 502874,BSE
502875,BSE,502875.BO,BSE Listed Security 502875,BSE
502876,BSE,502876.BO,BSE Listed Security 502876,BSE
502877,BSE,502877.BO,BSE Listed Security 502877,BSE
502878,BSE,502878.BO,BSE Listed Security 502878,BSE
502881,BSE,502881.BO,BSE Listed Security 502881,BSE
502882,BSE,502882.BO,BSE Listed Security 502882,BSE
502883,BSE,502883.BO,BSE Listed Security 502883,BSE
502884,BSE,502884.BO,BSE Listed Security 502884,BSE
502885,BSE,502885.BO,BSE Listed Security 502885,BSE
502886,BSE,502886.BO,BSE Listed Security 502886,BSE
502888,BSE,502888.BO,BSE Listed Security 502888,BSE
502889,BSE,502889.BO,BSE Listed Security 502889,BSE
502890,BSE,502890.BO,BSE Listed Security 502890,BSE
502891,BSE,502891.BO,BSE Listed Security 502891,BSE
502893,BSE,502893.BO,BSE Listed Security 502893,BSE
502895,BSE,502895.BO,BSE Listed Security 502895,BSE
502896,BSE,502896.BO,BSE Listed Security 502896,BSE
502897,BSE,502897.BO,BSE Listed Security 502897,BSE
502898,BSE,502898.BO,BSE Listed Security 502898,BSE
502899,BSE,502899.BO,BSE Listed Security 502899,BSE
502900,BSE,502900.BO,BSE Listed Security 502900,BSE
502902,BSE,502902.BO,BSE Listed Security 502902,BSE
502903,BSE,502903.BO,BSE Listed Security 502903,BSE
502904,BSE,502904.BO,BSE Listed Security 502904,BSE
502906,BSE,502906.BO,BSE Listed Security 502906,BSE
502907,BSE,502907.BO,BSE Listed Security 502907,BSE
502909,BSE,502909.BO,BSE Listed Security 502909,BSE
502910,BSE,502910.BO,BSE Listed Security 502910,BSE
502911,BSE,502911.BO,BSE Listed Security 502911,BSE
502912,BSE,502912.BO,BSE Listed Security 502912,BSE
502913,BSE,502913.BO,BSE Listed Security 502913,BSE
502914,BSE,502914.BO,BSE Listed Security 502914,BSE
502916,BSE,502916.BO,BSE Listed Security 502916,BSE
502917,BSE,502917.BO,BSE Listed Security 502917,BSE
502919,BSE,502919.BO,BSE Listed Security 502919,BSE
502920,BSE,502920.BO,BSE Listed Security 502920,BSE
502921,BSE,502921.BO,BSE Listed Security 502921,BSE
502923,BSE,502923.BO,BSE Listed Security 502923,BSE
502924,BSE,502924.BO,BSE Listed Security 502924,BSE
502925,BSE,502925.BO,BSE Listed Security 502925,BSE
502926,BSE,502926.BO,BSE Listed Security 502926,BSE
502927,BSE,502927.BO,BSE Listed Security 502927,BSE
502928,BSE,502928.BO,BSE Listed Security 502928,BSE
502930,BSE,502930.BO,BSE Listed Security 502930,BSE
502932,BSE,502932.BO,BSE Listed Security 502932,BSE
502933,BSE,502933.BO,BSE Listed Security 502933,BSE
502934,BSE,502934.BO,BSE Listed Security 502934,BSE
502935,BSE,502935.BO,BSE Listed Security 502935,BSE
502937,BSE,502937.BO,BSE Listed Security 502937,BSE
502938,BSE,502938.BO,BSE Listed Security 502938,BSE
502939,BSE,502939.BO,BSE Listed Security 502939,BSE
502940,BSE,502940.BO,BSE Listed Security 502940,BSE
502941,BSE,502941.BO,BSE Listed Security 502941,BSE
502942,BSE,502942.BO,BSE Listed Security 502942,BSE
502945,BSE,502945.BO,BSE Listed Security 502945,BSE
502946,BSE,502946.BO,BSE Listed Security 502946,BSE
502947,BSE,502947.BO,BSE Listed Security 502947,BSE
502948,BSE,502948.BO,BSE Listed Security 502948,BSE
502949,BSE,502949.BO,BSE Listed Security 502949,BSE
502951,BSE,502951.BO,BSE Listed Security 502951,BSE
502952,BSE,502952.BO,BSE Listed Security 502952,BSE
502953,BSE,502953.BO,BSE Listed Security 502953,BSE
502954,BSE,502954.BO,BSE Listed Security 502954,BSE
502955,BSE,502955.BO,BSE Listed Security 502955,BSE
502956,BSE,502956.BO,BSE Listed Security 502956,BSE
502958,BSE,502958.BO,BSE Listed Security 502958,BSE
502959,BSE,502959.BO,BSE Listed Security 502959,BSE
502960,BSE,502960.BO,BSE Listed Security 502960,BSE
502961,BSE,502961.BO,BSE Listed Security 502961,BSE
502962,BSE,502962.BO,BSE Listed Security 502962,BSE
502963,BSE,502963.BO,BSE Listed Security 502963,BSE
502965,BSE,502965.BO,BSE Listed Security 502965,BSE
502966,BSE,502966.BO,BSE Listed Security 502966,BSE
502967,BSE,502967.BO,BSE Listed Security 502967,BSE
502968,BSE,502968.BO,BSE Listed Security 502968,BSE
502969,BSE,502969.BO,BSE Listed Security 502969,BSE
502972,BSE,502972.BO,BSE Listed Security 502972,BSE
502973,BSE,502973.BO,BSE Listed Security 502973,BSE
502974,BSE,502974.BO,BSE Listed Security 502974,BSE
502975,BSE,502975.BO,BSE Listed Security 502975,BSE
502976,BSE,502976.BO,BSE Listed Security 502976,BSE
502977,BSE,502977.BO,BSE Listed Security 502977,BSE
502979,BSE,502979.BO,BSE Listed Security 502979,BSE
502980,BSE,502980.BO,BSE Listed Security 502980,BSE
502981,BSE,502981.BO,BSE Listed Security 502981,BSE
502982,BSE,502982.BO,BSE Listed Security 502982,BSE
502984,BSE,502984.BO,BSE Listed Security 502984,BSE
502986,BSE,502986.BO,BSE Listed Security 502986,BSE
502987,BSE,502987.BO,BSE Listed Security 502987,BSE
502988,BSE,502988.BO,BSE Listed Security 502988,BSE
502989,BSE,502989.BO,BSE Listed Security 502989,BSE
502990,BSE,502990.BO,BSE Listed Security 502990,BSE
502991,BSE,502991.BO,BSE Listed Security 502991,BSE
502993,BSE,502993.BO,BSE Listed Security 502993,BSE
502994,BSE,502994.BO,BSE Listed Security 502994,BSE
502995,BSE,502995.BO,BSE Listed Security 502995,BSE
502997,BSE,502997.BO,BSE Listed Security 502997,BSE
502998,BSE,502998.BO,BSE Listed Security 502998,BSE
503000,BSE,503000.BO,BSE Listed Security 503000,BSE
503001,BSE,503001.BO,BSE Listed Security 503001,BSE
